{"type": "FeatureCollection", "features": [{"type": "Feature", "properties": {"dun": "N.10 Bukit Melawati", "state": "Selangor", "parlimen": "P.096 Kuala Selangor", "code_dun": "N.10", "district": "Kuala Selangor", "lst_mean": 32.32888412475586, "income_mean": 7034.0, "elderly_pct": 7.228116710875332, "lst_norm": 0.2847540613126386, "income_vuln": 1.0, "elderly_norm": 0.7450324573874513, "uhvi": 0.5786351450031821, "green_mean": -0.11796048283576965, "green_min": -4.219291687011719, "green_max": 0.2073974609375, "ind_mean": 0.0, "ind_min": 0.0, "ind_max": 0.0, "population": 48200, "elderly_imputed": false, "rank": 26}, "geometry": {"type": "MultiPolygon", "coordinates": [[[[101.29677, 3.38286], [101.28903, 3.3799], [101.287, 3.37447], [101.28938, 3.37191], [101.29547, 3.37452], [101.29885, 3.37348], [101.30027, 3.36974], [101.29772, 3.36522], [101.29864, 3.3617], [101.30081, 3.36253], [101.30221, 3.36136], [101.30396, 3.36263], [101.3029, 3.37055], [101.30794, 3.37492], [101.31148, 3.36377], [101.31511, 3.36642], [101.31561, 3.37377], [101.31789, 3.37571], [101.32398, 3.37138], [101.33028, 3.37163], [101.33101, 3.36962], [101.32825, 3.36571], [101.32907, 3.36116], [101.33096, 3.36125], [101.33323, 3.36548], [101.33898, 3.36007], [101.34016, 3.36513], [101.34648, 3.36783], [101.35022, 3.36788], [101.35492, 3.36461], [101.35588, 3.36636], [101.3543, 3.36913], [101.35604, 3.37117], [101.35849, 3.36988], [101.35982, 3.36529], [101.36218, 3.36494], [101.36316, 3.36682], [101.36063, 3.36845], [101.36036, 3.37052], [101.36161, 3.37173], [101.36477, 3.36971], [101.36372, 3.3743], [101.36537, 3.3758], [101.36532, 3.37335], [101.36785, 3.37078], [101.37005, 3.37464], [101.37154, 3.37227], [101.38257, 3.36539], [101.39836, 3.36182], [101.39826, 3.35205], [101.39314, 3.35202], [101.39328, 3.34272], [101.3602, 3.34164], [101.36011, 3.30612], [101.37847, 3.30878], [101.37865, 3.29545], [101.36966, 3.29472], [101.3663, 3.28991], [101.3592, 3.29], [101.35102, 3.28559], [101.34977, 3.27781], [101.35231, 3.27793], [101.35178, 3.27112], [101.34955, 3.27105], [101.3481, 3.25845], [101.34508, 3.25834], [101.33091, 3.26772], [101.33046, 3.24328], [101.31748, 3.2436], [101.31725, 3.23636], [101.31912, 3.23516], [101.31536, 3.23304], [101.31524, 3.22945], [101.3022, 3.22972], [101.29891, 3.24027], [101.30079, 3.25538], [101.29512, 3.25175], [101.28801, 3.26908], [101.27491, 3.2891], [101.26849, 3.29542], [101.26819, 3.29907], [101.26657, 3.2987], [101.267, 3.30066], [101.26465, 3.3008], [101.26477, 3.30323], [101.26229, 3.30386], [101.26313, 3.30569], [101.26105, 3.30621], [101.26182, 3.30753], [101.26061, 3.30836], [101.25944, 3.30708], [101.24208, 3.31769], [101.231, 3.3323], [101.231, 3.34184], [101.23298, 3.34378], [101.23503, 3.35156], [101.23782, 3.35422], [101.24576, 3.35235], [101.25087, 3.34509], [101.25475, 3.33558], [101.25916, 3.33477], [101.26303, 3.33661], [101.26354, 3.34111], [101.25654, 3.35103], [101.2605, 3.36618], [101.26335, 3.36682], [101.26894, 3.36302], [101.27324, 3.36247], [101.27767, 3.36954], [101.28304, 3.37432], [101.27982, 3.38042], [101.27992, 3.38329], [101.28183, 3.38414], [101.28775, 3.38257], [101.29452, 3.38706], [101.29724, 3.3851], [101.29677, 3.38286]]]]}}, {"type": "Feature", "properties": {"dun": "N.11 Ijok", "state": "Selangor", "parlimen": "P.096 Kuala Selangor", "code_dun": "N.11", "district": "Kuala Selangor", "lst_mean": 32.699832916259766, "income_mean": 9870.0, "elderly_pct": 7.228116710875332, "lst_norm": 0.3060718953742697, "income_vuln": 0.8105164695663793, "elderly_norm": 0.7450324573874513, "uhvi": 0.5419231794255925, "green_mean": -4.682095459429547e-05, "green_min": -0.08982086181640625, "green_max": 0.07492256164550781, "ind_mean": 0.0, "ind_min": 0.0, "ind_max": 0.0, "population": 40500, "elderly_imputed": false, "rank": 33}, "geometry": {"type": "MultiPolygon", "coordinates": [[[[101.4388, 3.40609], [101.4399, 3.40109], [101.44259, 3.39995], [101.44746, 3.40045], [101.44813, 3.40172], [101.45083, 3.40046], [101.4441, 3.39647], [101.44409, 3.35615], [101.44696, 3.35581], [101.44597, 3.33249], [101.43041, 3.30427], [101.43508, 3.30411], [101.43857, 3.29957], [101.43317, 3.29929], [101.43219, 3.29253], [101.42457, 3.29668], [101.41948, 3.29399], [101.40593, 3.27479], [101.42401, 3.26117], [101.41073, 3.24333], [101.39662, 3.25392], [101.39345, 3.25], [101.39289, 3.24854], [101.39455, 3.24736], [101.39269, 3.24476], [101.361, 3.2684], [101.35874, 3.26533], [101.35188, 3.27035], [101.35231, 3.27793], [101.34977, 3.27781], [101.35102, 3.28559], [101.3592, 3.29], [101.3663, 3.28991], [101.36966, 3.29472], [101.37865, 3.29545], [101.37847, 3.30878], [101.36011, 3.30612], [101.3602, 3.34164], [101.39328, 3.34272], [101.39314, 3.35202], [101.39826, 3.35205], [101.39836, 3.36182], [101.38257, 3.36539], [101.37205, 3.37195], [101.37303, 3.37346], [101.37187, 3.37623], [101.37452, 3.37456], [101.37419, 3.37788], [101.37774, 3.37756], [101.37761, 3.38248], [101.37952, 3.37825], [101.38277, 3.37881], [101.38688, 3.38472], [101.39181, 3.38578], [101.39209, 3.38849], [101.39654, 3.38693], [101.40243, 3.38992], [101.40138, 3.38594], [101.40541, 3.38841], [101.40486, 3.38586], [101.40839, 3.38334], [101.41459, 3.38384], [101.41575, 3.38656], [101.41868, 3.38637], [101.4169, 3.38817], [101.41746, 3.38998], [101.4196, 3.38864], [101.42043, 3.38957], [101.41971, 3.39685], [101.42269, 3.40352], [101.4351, 3.40856], [101.43788, 3.40795], [101.4388, 3.40609]]]]}}, {"type": "Feature", "properties": {"dun": "N.12 Jeram", "state": "Selangor", "parlimen": "P.096 Kuala Selangor", "code_dun": "N.12", "district": "Kuala Selangor", "lst_mean": 33.187984466552734, "income_mean": 11563.0, "elderly_pct": 7.228116710875332, "lst_norm": 0.3341251846271716, "income_vuln": 0.6974009487539252, "elderly_norm": 0.7450324573874513, "uhvi": 0.5276709438489299, "green_mean": -0.018680265173316002, "green_min": -5.164436340332031, "green_max": 1.045297622680664, "ind_mean": 0.0, "ind_min": 0.0, "ind_max": 0.0, "population": 91600, "elderly_imputed": false, "rank": 36}, "geometry": {"type": "MultiPolygon", "coordinates": [[[[101.44013, 3.29952], [101.46238, 3.29932], [101.46233, 3.27528], [101.49241, 3.27513], [101.49268, 3.21971], [101.48704, 3.22313], [101.48067, 3.23042], [101.47899, 3.23714], [101.47037, 3.24647], [101.46328, 3.24292], [101.45591, 3.23529], [101.43951, 3.21146], [101.43893, 3.20245], [101.43394, 3.19869], [101.43192, 3.1924], [101.40069, 3.19193], [101.40072, 3.18602], [101.36964, 3.18597], [101.36966, 3.17507], [101.34335, 3.175], [101.34338, 3.16201], [101.32811, 3.16263], [101.32355, 3.15716], [101.31578, 3.1655], [101.31585, 3.16412], [101.30754, 3.16287], [101.30612, 3.19055], [101.30737, 3.19277], [101.30471, 3.202], [101.30489, 3.21941], [101.30361, 3.21966], [101.30279, 3.22386], [101.30304, 3.22568], [101.30447, 3.22575], [101.3022, 3.22972], [101.31524, 3.22945], [101.31536, 3.23304], [101.31912, 3.23516], [101.31725, 3.23636], [101.31748, 3.2436], [101.33046, 3.24328], [101.33091, 3.26772], [101.34508, 3.25834], [101.3481, 3.25845], [101.34956, 3.27107], [101.35194, 3.27112], [101.35874, 3.26533], [101.361, 3.2684], [101.39269, 3.24476], [101.39455, 3.24736], [101.39289, 3.24854], [101.39345, 3.25], [101.39662, 3.25392], [101.41073, 3.24333], [101.42401, 3.26117], [101.40593, 3.27479], [101.41948, 3.29399], [101.42457, 3.29668], [101.43219, 3.29253], [101.43317, 3.29929], [101.44013, 3.29952]]]]}}, {"type": "Feature", "properties": {"dun": "N.13 Kuang", "state": "Selangor", "parlimen": "P.097 Selayang", "code_dun": "N.13", "district": "Gombak", "lst_mean": 35.337310791015625, "income_mean": 13600.0, "elderly_pct": 8.047493403693931, "lst_norm": 0.45764353265422797, "income_vuln": 0.5613015300327386, "elderly_norm": 0.8633716412039738, "uhvi": 0.5849900591362921, "green_mean": 0.0, "green_min": 0.0, "green_max": 0.0, "ind_mean": 0.0, "ind_min": 0.0, "ind_max": 0.0, "population": 107900, "elderly_imputed": false, "rank": 24}, "geometry": {"type": "MultiPolygon", "coordinates": [[[[101.51283, 3.31894], [101.51574, 3.31829], [101.51195, 3.31349], [101.51843, 3.31362], [101.51969, 3.30919], [101.53222, 3.30904], [101.53606, 3.30585], [101.53276, 3.30293], [101.54388, 3.29164], [101.54684, 3.29537], [101.55447, 3.28575], [101.56266, 3.29673], [101.57573, 3.2858], [101.57944, 3.28595], [101.58225, 3.29165], [101.58726, 3.29], [101.58937, 3.28779], [101.58961, 3.28462], [101.58839, 3.26544], [101.60577, 3.26096], [101.61425, 3.25394], [101.61208, 3.25033], [101.57977, 3.23545], [101.57385, 3.25048], [101.57193, 3.2475], [101.56885, 3.25267], [101.55466, 3.25542], [101.55593, 3.25126], [101.55362, 3.25014], [101.55519, 3.24829], [101.5571, 3.24913], [101.56044, 3.24411], [101.55954, 3.23228], [101.55259, 3.23256], [101.55153, 3.22545], [101.54743, 3.21817], [101.53078, 3.21822], [101.53058, 3.21609], [101.52762, 3.22059], [101.5242, 3.22102], [101.52115, 3.21671], [101.51626, 3.21914], [101.51418, 3.21803], [101.50928, 3.22262], [101.50556, 3.22242], [101.50437, 3.21975], [101.49836, 3.22229], [101.49195, 3.23313], [101.49241, 3.27513], [101.46233, 3.27528], [101.46236, 3.28704], [101.47421, 3.30017], [101.4769, 3.30006], [101.47819, 3.30341], [101.48825, 3.29774], [101.49016, 3.30096], [101.49876, 3.30494], [101.49565, 3.31259], [101.49524, 3.32007], [101.50215, 3.31696], [101.51181, 3.32102], [101.51283, 3.31894]]]]}}, {"type": "Feature", "properties": {"dun": "N.14 Rawang", "state": "Selangor", "parlimen": "P.097 Selayang", "code_dun": "N.14", "district": "Gombak", "lst_mean": 36.14250183105469, "income_mean": 11092.0, "elderly_pct": 8.047493403693931, "lst_norm": 0.5039165745743124, "income_vuln": 0.7288701810650097, "elderly_norm": 0.8633716412039738, "uhvi": 0.6500187428544021, "green_mean": 0.0, "green_min": 0.0, "green_max": 0.0, "ind_mean": 0.0, "ind_min": 0.0, "ind_max": 0.0, "population": 154700, "elderly_imputed": false, "rank": 20}, "geometry": {"type": "MultiPolygon", "coordinates": [[[[101.45851, 3.4005], [101.46241, 3.39833], [101.46213, 3.39593], [101.46548, 3.39724], [101.46686, 3.3951], [101.46887, 3.39577], [101.47, 3.39001], [101.47261, 3.38713], [101.47695, 3.38682], [101.47966, 3.3754], [101.47851, 3.37325], [101.48114, 3.36945], [101.49336, 3.36745], [101.49622, 3.36553], [101.4965, 3.36046], [101.50472, 3.35047], [101.50994, 3.35312], [101.51236, 3.35181], [101.51241, 3.35004], [101.51718, 3.35024], [101.52114, 3.34818], [101.54852, 3.34807], [101.5527, 3.34715], [101.55329, 3.34455], [101.56068, 3.3451], [101.56149, 3.34264], [101.56785, 3.34143], [101.56786, 3.33926], [101.57778, 3.33899], [101.58392, 3.34459], [101.58884, 3.34387], [101.59089, 3.34256], [101.58774, 3.3399], [101.59101, 3.33284], [101.59066, 3.32527], [101.59441, 3.32558], [101.59778, 3.31484], [101.59487, 3.30967], [101.58984, 3.30624], [101.60273, 3.30126], [101.60333, 3.29605], [101.60628, 3.29648], [101.60516, 3.29784], [101.6084, 3.30033], [101.61274, 3.29635], [101.61915, 3.29803], [101.6235, 3.29548], [101.61868, 3.29255], [101.60723, 3.29567], [101.59316, 3.28826], [101.58874, 3.28856], [101.58225, 3.29165], [101.57944, 3.28595], [101.57573, 3.2858], [101.56266, 3.29673], [101.55447, 3.28575], [101.54684, 3.29537], [101.54388, 3.29164], [101.53276, 3.30293], [101.53606, 3.30585], [101.53222, 3.30904], [101.51969, 3.30919], [101.51843, 3.31362], [101.51195, 3.31349], [101.51574, 3.31829], [101.51293, 3.31872], [101.51181, 3.32102], [101.50215, 3.31696], [101.49524, 3.32007], [101.49565, 3.31259], [101.49876, 3.30494], [101.49016, 3.30096], [101.48825, 3.29774], [101.47819, 3.30341], [101.4769, 3.30006], [101.47421, 3.30017], [101.46236, 3.28704], [101.46238, 3.29932], [101.43857, 3.29957], [101.43508, 3.30411], [101.43165, 3.30333], [101.43052, 3.3046], [101.44609, 3.33319], [101.44696, 3.35581], [101.44409, 3.35615], [101.4441, 3.39647], [101.45181, 3.4009], [101.4548, 3.40038], [101.45957, 3.4023], [101.45851, 3.4005]]]]}}, {"type": "Feature", "properties": {"dun": "N.15 Taman Templer", "state": "Selangor", "parlimen": "P.097 Selayang", "code_dun": "N.15", "district": "Gombak", "lst_mean": 30.5504207611084, "income_mean": 9287.0, "elderly_pct": 8.047493403693931, "lst_norm": 0.18254861479475262, "income_vuln": 0.8494688314291441, "elderly_norm": 0.8633716412039738, "uhvi": 0.5194844255556558, "green_mean": 0.0, "green_min": 0.0, "green_max": 0.0, "ind_mean": 0.0, "ind_min": 0.0, "ind_max": 0.0, "population": 119800, "elderly_imputed": false, "rank": 38}, "geometry": {"type": "MultiPolygon", "coordinates": [[[[101.6599, 3.33008], [101.66327, 3.32914], [101.66468, 3.33092], [101.66973, 3.32748], [101.66543, 3.31022], [101.66789, 3.30354], [101.66594, 3.2957], [101.66872, 3.2925], [101.67012, 3.28728], [101.66779, 3.27956], [101.66555, 3.27616], [101.66325, 3.27633], [101.6675, 3.2729], [101.6787, 3.27225], [101.67952, 3.26371], [101.67241, 3.25979], [101.67294, 3.25465], [101.67534, 3.25255], [101.67516, 3.2488], [101.67195, 3.24713], [101.66793, 3.25167], [101.66618, 3.24998], [101.66628, 3.24356], [101.66079, 3.24369], [101.66062, 3.24162], [101.65778, 3.24099], [101.65714, 3.2369], [101.65319, 3.23708], [101.65413, 3.23882], [101.65206, 3.24078], [101.65017, 3.23991], [101.6505, 3.24241], [101.6479, 3.24115], [101.64474, 3.2421], [101.64501, 3.24534], [101.6369, 3.24689], [101.63428, 3.24958], [101.61207, 3.25031], [101.61425, 3.25394], [101.60577, 3.26096], [101.58839, 3.26544], [101.58874, 3.28856], [101.59316, 3.28826], [101.60723, 3.29567], [101.61868, 3.29255], [101.6235, 3.29548], [101.61915, 3.29803], [101.61274, 3.29635], [101.6084, 3.30033], [101.60516, 3.29784], [101.60628, 3.29648], [101.60333, 3.29605], [101.60273, 3.30126], [101.58984, 3.30624], [101.59487, 3.30967], [101.59778, 3.31484], [101.59441, 3.32558], [101.59066, 3.32527], [101.59072, 3.32747], [101.59632, 3.32735], [101.59652, 3.3258], [101.59879, 3.32712], [101.60931, 3.326], [101.61463, 3.32315], [101.62698, 3.32377], [101.6277, 3.32233], [101.63284, 3.32446], [101.63947, 3.32134], [101.64318, 3.32838], [101.6504, 3.33566], [101.65604, 3.33352], [101.65725, 3.33094], [101.6599, 3.33008]]]]}}, {"type": "Feature", "properties": {"dun": "N.16 Sungai Tua", "state": "Selangor", "parlimen": "P.098 Gombak", "code_dun": "N.16", "district": "Gombak", "lst_mean": 32.32998275756836, "income_mean": 13941.0, "elderly_pct": 8.047493403693931, "lst_norm": 0.28481719798413596, "income_vuln": 0.5385180730941405, "elderly_norm": 0.8633716412039738, "uhvi": 0.4928810275665965, "green_mean": 0.0, "green_min": 0.0, "green_max": 0.0, "ind_mean": 0.0, "ind_min": 0.0, "ind_max": 0.0, "population": 75900, "elderly_imputed": false, "rank": 41}, "geometry": {"type": "MultiPolygon", "coordinates": [[[[101.72062, 3.38845], [101.72825, 3.38321], [101.72976, 3.37972], [101.73614, 3.37826], [101.73973, 3.37415], [101.73445, 3.36474], [101.70672, 3.29744], [101.70771, 3.28429], [101.70268, 3.27924], [101.70276, 3.26477], [101.69753, 3.26439], [101.69751, 3.26087], [101.6916, 3.26092], [101.69273, 3.25097], [101.688, 3.25157], [101.68746, 3.2475], [101.69037, 3.2448], [101.68976, 3.23864], [101.6911, 3.23834], [101.68907, 3.23088], [101.69198, 3.23092], [101.69198, 3.22863], [101.673, 3.22769], [101.67324, 3.23289], [101.6655, 3.2448], [101.66618, 3.24998], [101.66793, 3.25167], [101.6686, 3.25023], [101.67013, 3.25063], [101.67195, 3.24713], [101.67516, 3.2488], [101.67534, 3.25255], [101.67294, 3.25465], [101.67241, 3.25979], [101.67952, 3.26371], [101.6787, 3.27225], [101.6675, 3.2729], [101.66325, 3.27633], [101.66555, 3.27616], [101.66779, 3.27956], [101.67012, 3.28728], [101.66872, 3.2925], [101.66594, 3.2957], [101.66789, 3.30354], [101.66543, 3.31022], [101.66902, 3.32847], [101.67682, 3.33937], [101.67915, 3.33832], [101.68032, 3.33236], [101.68221, 3.33276], [101.6862, 3.33674], [101.68657, 3.33975], [101.69273, 3.3428], [101.69536, 3.34861], [101.70029, 3.35155], [101.70218, 3.36116], [101.70654, 3.36389], [101.70987, 3.37396], [101.71217, 3.37574], [101.71371, 3.38365], [101.71595, 3.38489], [101.71718, 3.38832], [101.72062, 3.38845]]]]}}, {"type": "Feature", "properties": {"dun": "N.17 Gombak Setia", "state": "Selangor", "parlimen": "P.098 Gombak", "code_dun": "N.17", "district": "Gombak", "lst_mean": 28.734561920166016, "income_mean": 13735.0, "elderly_pct": 8.047493403693931, "lst_norm": 0.0781941099758633, "income_vuln": 0.5522816863766954, "elderly_norm": 0.8633716412039738, "uhvi": 0.39301038688309897, "green_mean": 0.0, "green_min": 0.0, "green_max": 0.0, "ind_mean": 0.0, "ind_min": 0.0, "ind_max": 0.0, "population": 185800, "elderly_imputed": false, "rank": 51}, "geometry": {"type": "MultiPolygon", "coordinates": [[[[101.74566, 3.37459], [101.7522, 3.37051], [101.75973, 3.37309], [101.77531, 3.36003], [101.78077, 3.35841], [101.78243, 3.35024], [101.7809, 3.34511], [101.78259, 3.3394], [101.78827, 3.33582], [101.79874, 3.33398], [101.80128, 3.32357], [101.80675, 3.32036], [101.80692, 3.31528], [101.81483, 3.30491], [101.82327, 3.29711], [101.81985, 3.29142], [101.8133, 3.28872], [101.80689, 3.2837], [101.79862, 3.28325], [101.7938, 3.28964], [101.78694, 3.28401], [101.78373, 3.28766], [101.78115, 3.28719], [101.77579, 3.2776], [101.77347, 3.26317], [101.77007, 3.25474], [101.76722, 3.25334], [101.75718, 3.24145], [101.75223, 3.24274], [101.74924, 3.24065], [101.74772, 3.23687], [101.73646, 3.23834], [101.73983, 3.23375], [101.7387, 3.23382], [101.73938, 3.23204], [101.73192, 3.23188], [101.7302, 3.23364], [101.72491, 3.22827], [101.72386, 3.22929], [101.72382, 3.22724], [101.71842, 3.22128], [101.7184, 3.2182], [101.71562, 3.21814], [101.71495, 3.21463], [101.71732, 3.21536], [101.71486, 3.21278], [101.70994, 3.21626], [101.70859, 3.21506], [101.70257, 3.21645], [101.70161, 3.22351], [101.69684, 3.22349], [101.69705, 3.22842], [101.69198, 3.22863], [101.69198, 3.23092], [101.68907, 3.23088], [101.6911, 3.23834], [101.68976, 3.23864], [101.69037, 3.2448], [101.68746, 3.2475], [101.688, 3.25157], [101.69273, 3.25097], [101.6916, 3.26092], [101.69751, 3.26087], [101.69753, 3.26439], [101.70276, 3.26477], [101.70268, 3.27924], [101.70771, 3.28429], [101.70672, 3.29744], [101.73445, 3.36474], [101.73951, 3.37437], [101.74566, 3.37459]]]]}}, {"type": "Feature", "properties": {"dun": "N.18 Hulu Kelang", "state": "Selangor", "parlimen": "P.098 Gombak", "code_dun": "N.18", "district": "Gombak", "lst_mean": 27.596839904785156, "income_mean": 13149.0, "elderly_pct": 8.047493403693931, "lst_norm": 0.012811044475572284, "income_vuln": 0.5914344892095944, "elderly_norm": 0.8633716412039738, "uhvi": 0.3701070548411781, "green_mean": 0.0, "green_min": 0.0, "green_max": 0.0, "ind_mean": 0.0, "ind_min": 0.0, "ind_max": 0.0, "population": 105900, "elderly_imputed": false, "rank": 54}, "geometry": {"type": "MultiPolygon", "coordinates": [[[[101.82562, 3.29378], [101.83839, 3.28693], [101.84844, 3.28619], [101.85225, 3.28063], [101.85371, 3.27579], [101.85252, 3.2738], [101.84954, 3.27166], [101.84453, 3.2724], [101.84056, 3.26435], [101.83077, 3.25783], [101.83155, 3.25246], [101.83007, 3.25173], [101.83041, 3.24946], [101.81664, 3.22899], [101.81302, 3.22989], [101.81082, 3.22856], [101.80618, 3.22242], [101.80345, 3.22168], [101.79933, 3.21672], [101.79501, 3.21521], [101.7898, 3.20862], [101.79029, 3.21537], [101.78895, 3.21816], [101.78127, 3.2184], [101.78044, 3.21443], [101.77358, 3.21077], [101.77046, 3.2071], [101.76874, 3.19942], [101.7714, 3.19966], [101.76723, 3.19533], [101.76882, 3.19435], [101.76868, 3.1922], [101.76564, 3.19348], [101.76687, 3.19514], [101.7624, 3.19556], [101.76064, 3.18349], [101.75668, 3.17735], [101.7551, 3.17136], [101.75089, 3.16863], [101.74521, 3.16828], [101.74269, 3.16599], [101.75218, 3.16308], [101.75079, 3.16043], [101.74839, 3.16212], [101.73994, 3.16212], [101.73945, 3.16462], [101.73522, 3.16433], [101.73495, 3.17175], [101.73313, 3.17292], [101.73117, 3.17164], [101.73124, 3.17381], [101.73376, 3.17605], [101.73277, 3.17782], [101.75014, 3.17556], [101.75547, 3.18011], [101.75712, 3.18444], [101.75568, 3.18474], [101.75624, 3.18595], [101.75802, 3.18512], [101.75893, 3.18827], [101.75647, 3.19706], [101.75382, 3.20043], [101.75091, 3.20033], [101.75051, 3.20252], [101.74744, 3.20279], [101.74603, 3.20949], [101.74079, 3.21518], [101.73809, 3.21585], [101.73945, 3.21746], [101.73941, 3.22251], [101.74377, 3.2282], [101.73646, 3.23834], [101.74772, 3.23687], [101.74924, 3.24065], [101.75223, 3.24274], [101.75718, 3.24145], [101.76722, 3.25334], [101.77007, 3.25474], [101.77347, 3.26317], [101.77579, 3.2776], [101.78178, 3.28767], [101.78373, 3.28766], [101.78694, 3.28401], [101.7938, 3.28964], [101.79862, 3.28325], [101.80689, 3.2837], [101.8133, 3.28872], [101.81985, 3.29142], [101.82327, 3.29711], [101.82562, 3.29378]]]]}}, {"type": "Feature", "properties": {"dun": "N.19 Bukit Antarabangsa", "state": "Selangor", "parlimen": "P.099 Ampang", "code_dun": "N.19", "district": "Gombak", "lst_mean": 29.39435386657715, "income_mean": 19722.0, "elderly_pct": 8.047493403693931, "lst_norm": 0.11611129841518737, "income_vuln": 0.15226832364535314, "elderly_norm": 0.8633716412039738, "uhvi": 0.31196564041992536, "green_mean": 0.0, "green_min": 0.0, "green_max": 0.0, "ind_mean": 0.0, "ind_min": 0.0, "ind_max": 0.0, "population": 130000, "elderly_imputed": false, "rank": 56}, "geometry": {"type": "MultiPolygon", "coordinates": [[[[101.78372, 3.21807], [101.78895, 3.21816], [101.79029, 3.21537], [101.7898, 3.20862], [101.7865, 3.20475], [101.78566, 3.19309], [101.77594, 3.19435], [101.77664, 3.19062], [101.77485, 3.19063], [101.77426, 3.19227], [101.77256, 3.18704], [101.77387, 3.18004], [101.7634, 3.17237], [101.76137, 3.16581], [101.76157, 3.16176], [101.76758, 3.16378], [101.77078, 3.15987], [101.77294, 3.1605], [101.76932, 3.15459], [101.76775, 3.15466], [101.76729, 3.14878], [101.76423, 3.14438], [101.7669, 3.14368], [101.76856, 3.14106], [101.77332, 3.14303], [101.77068, 3.13788], [101.76636, 3.13474], [101.76189, 3.13246], [101.75746, 3.13339], [101.75755, 3.13678], [101.75336, 3.1412], [101.75865, 3.15245], [101.74848, 3.15826], [101.75218, 3.16308], [101.74269, 3.16599], [101.74521, 3.16828], [101.75089, 3.16863], [101.7551, 3.17136], [101.75668, 3.17735], [101.76064, 3.18349], [101.76256, 3.19587], [101.76687, 3.19514], [101.76564, 3.19348], [101.76868, 3.1922], [101.7677, 3.19687], [101.7714, 3.19966], [101.76874, 3.19942], [101.77046, 3.2071], [101.77629, 3.21311], [101.78044, 3.21443], [101.78127, 3.2184], [101.78372, 3.21807]]]]}}, {"type": "Feature", "properties": {"dun": "N.20 Lembah Jaya", "state": "Selangor", "parlimen": "P.099 Ampang", "code_dun": "N.20", "district": "Gombak", "lst_mean": 27.373916625976562, "income_mean": 12160.0, "elderly_pct": 8.047493403693931, "lst_norm": 0.0, "income_vuln": 0.6575131956972005, "elderly_norm": 0.8633716412039738, "uhvi": 0.38022120922529357, "green_mean": 0.0, "green_min": 0.0, "green_max": 0.0, "ind_mean": 0.0, "ind_min": 0.0, "ind_max": 0.0, "population": 85300, "elderly_imputed": false, "rank": 52}, "geometry": {"type": "MultiPolygon", "coordinates": [[[[101.8079, 3.19403], [101.80268, 3.18444], [101.80438, 3.17935], [101.80306, 3.17822], [101.8117, 3.15763], [101.80813, 3.14733], [101.79161, 3.12887], [101.78721, 3.12936], [101.78774, 3.13111], [101.78105, 3.13081], [101.77515, 3.13251], [101.77532, 3.12957], [101.77791, 3.1284], [101.77526, 3.12636], [101.7764, 3.12402], [101.77506, 3.12191], [101.76726, 3.12085], [101.76684, 3.12388], [101.7699, 3.12964], [101.76631, 3.13527], [101.77068, 3.13788], [101.77332, 3.14329], [101.76856, 3.14106], [101.7669, 3.14368], [101.76507, 3.14313], [101.76423, 3.1444], [101.76729, 3.14878], [101.76775, 3.15466], [101.76932, 3.15459], [101.77294, 3.1605], [101.77078, 3.15987], [101.76758, 3.16378], [101.76157, 3.16176], [101.7634, 3.17237], [101.77387, 3.18004], [101.77256, 3.18704], [101.77426, 3.19227], [101.77485, 3.19063], [101.77664, 3.19062], [101.77594, 3.19435], [101.78566, 3.19309], [101.7865, 3.20475], [101.79501, 3.21521], [101.79933, 3.21672], [101.81082, 3.22856], [101.81377, 3.22979], [101.81664, 3.22899], [101.8171, 3.22538], [101.81146, 3.2161], [101.81378, 3.20667], [101.8079, 3.19403]]]]}}, {"type": "Feature", "properties": {"dun": "N.21 Pandan Indah", "state": "Selangor", "parlimen": "P.100 Pandan", "code_dun": "N.21", "district": "Ulu Langat", "lst_mean": 32.61725616455078, "income_mean": 12110.0, "elderly_pct": 8.598180139786365, "lst_norm": 0.3013263414579359, "income_vuln": 0.6608538785327721, "elderly_norm": 0.9429050468511257, "uhvi": 0.5516029020749424, "green_mean": 0.0, "green_min": 0.0, "green_max": 0.0, "ind_mean": 0.0, "ind_min": 0.0, "ind_max": 0.0, "population": 107500, "elderly_imputed": false, "rank": 31}, "geometry": {"type": "MultiPolygon", "coordinates": [[[[101.75601, 3.15373], [101.75865, 3.15245], [101.75336, 3.14102], [101.75755, 3.13678], [101.75746, 3.13339], [101.76282, 3.13146], [101.75064, 3.1289], [101.75105, 3.12493], [101.75318, 3.12498], [101.75317, 3.12263], [101.75252, 3.11897], [101.74996, 3.11818], [101.75406, 3.11539], [101.75573, 3.11165], [101.75284, 3.10982], [101.7514, 3.11248], [101.7456, 3.1135], [101.74704, 3.11709], [101.74506, 3.12269], [101.74684, 3.12431], [101.74423, 3.12502], [101.74068, 3.1235], [101.73495, 3.13563], [101.7408, 3.14306], [101.73966, 3.14537], [101.74153, 3.14842], [101.74069, 3.15091], [101.74682, 3.14958], [101.74706, 3.15375], [101.75029, 3.1574], [101.75601, 3.15373]]]]}}, {"type": "Feature", "properties": {"dun": "N.22 Teratai", "state": "Selangor", "parlimen": "P.100 Pandan", "code_dun": "N.22", "district": "Ulu Langat", "lst_mean": 29.833642959594727, "income_mean": 11739.0, "elderly_pct": 8.598180139786365, "lst_norm": 0.14135654035833187, "income_vuln": 0.6856417451727133, "elderly_norm": 0.9429050468511257, "uhvi": 0.47781496818512564, "green_mean": 0.0, "green_min": 0.0, "green_max": 0.0, "ind_mean": 0.0, "ind_min": 0.0, "ind_max": 0.0, "population": 131800, "elderly_imputed": false, "rank": 45}, "geometry": {"type": "MultiPolygon", "coordinates": [[[[101.76856, 3.1311], [101.76982, 3.12889], [101.76684, 3.12388], [101.76726, 3.12085], [101.77506, 3.12191], [101.7764, 3.12402], [101.77526, 3.12636], [101.77791, 3.1284], [101.77532, 3.12957], [101.77515, 3.13251], [101.78105, 3.13081], [101.78774, 3.13111], [101.78721, 3.12936], [101.79161, 3.12887], [101.7843, 3.11966], [101.78197, 3.11553], [101.78307, 3.11488], [101.74698, 3.0831], [101.74873, 3.08139], [101.74733, 3.08067], [101.74485, 3.0843], [101.74512, 3.08638], [101.75118, 3.09234], [101.75255, 3.09723], [101.75062, 3.10136], [101.75363, 3.10443], [101.75181, 3.10752], [101.74672, 3.10992], [101.74781, 3.11106], [101.74577, 3.11022], [101.74462, 3.11156], [101.74397, 3.10968], [101.74118, 3.10988], [101.73805, 3.11354], [101.73748, 3.11762], [101.73935, 3.11875], [101.74068, 3.1235], [101.74423, 3.12502], [101.74684, 3.12431], [101.74506, 3.12269], [101.74704, 3.11709], [101.7456, 3.1135], [101.74947, 3.1132], [101.75284, 3.10982], [101.75483, 3.11018], [101.75573, 3.11165], [101.75406, 3.11539], [101.74996, 3.11818], [101.75252, 3.11897], [101.75317, 3.12263], [101.75318, 3.12498], [101.75105, 3.12493], [101.75064, 3.1289], [101.76282, 3.13146], [101.762, 3.13262], [101.76617, 3.13499], [101.76856, 3.1311]]]]}}, {"type": "Feature", "properties": {"dun": "N.23 Dusun Tua", "state": "Selangor", "parlimen": "P.101 Hulu Langat", "code_dun": "N.23", "district": "Ulu Langat", "lst_mean": 28.51352310180664, "income_mean": 12717.0, "elderly_pct": 8.598180139786365, "lst_norm": 0.06549136242987336, "income_vuln": 0.6202979889089331, "elderly_norm": 0.9429050468511257, "uhvi": 0.42354644015495135, "green_mean": 0.0, "green_min": 0.0, "green_max": 0.0, "ind_mean": 0.0, "ind_min": 0.0, "ind_max": 0.0, "population": 119100, "elderly_imputed": false, "rank": 49}, "geometry": {"type": "MultiPolygon", "coordinates": [[[[101.86078, 3.27193], [101.86295, 3.27036], [101.86963, 3.27004], [101.87532, 3.27202], [101.87782, 3.26775], [101.88554, 3.26082], [101.8905, 3.26025], [101.89379, 3.26561], [101.90031, 3.26652], [101.90794, 3.26324], [101.91004, 3.25853], [101.91385, 3.26012], [101.9254, 3.26025], [101.92835, 3.25764], [101.92861, 3.25442], [101.93137, 3.25409], [101.93481, 3.25046], [101.93088, 3.24494], [101.93322, 3.24087], [101.94078, 3.23496], [101.94718, 3.22228], [101.94913, 3.21458], [101.94812, 3.21022], [101.95035, 3.20683], [101.94555, 3.20483], [101.94773, 3.19173], [101.94042, 3.18438], [101.94466, 3.18123], [101.94764, 3.16676], [101.95142, 3.15935], [101.95554, 3.15832], [101.95891, 3.15173], [101.95766, 3.14598], [101.96624, 3.13968], [101.96401, 3.13796], [101.9619, 3.13255], [101.96254, 3.12331], [101.95736, 3.11586], [101.95291, 3.11825], [101.88009, 3.11967], [101.87336, 3.11064], [101.86605, 3.11017], [101.86718, 3.10571], [101.86497, 3.10389], [101.86029, 3.10528], [101.84765, 3.09858], [101.84097, 3.08285], [101.83788, 3.09652], [101.83989, 3.09884], [101.83664, 3.10155], [101.83815, 3.10774], [101.83678, 3.11038], [101.82541, 3.11375], [101.81697, 3.10903], [101.81181, 3.10928], [101.81291, 3.10839], [101.80846, 3.10343], [101.80938, 3.10177], [101.80774, 3.10174], [101.8084, 3.09869], [101.80375, 3.09841], [101.80219, 3.09975], [101.78863, 3.08476], [101.7875, 3.08201], [101.78896, 3.08073], [101.78601, 3.08072], [101.78288, 3.07622], [101.7851, 3.06706], [101.78455, 3.06518], [101.78145, 3.06394], [101.78165, 3.06085], [101.77947, 3.05955], [101.78068, 3.05677], [101.77925, 3.05492], [101.77984, 3.0518], [101.77564, 3.05006], [101.77376, 3.05381], [101.77143, 3.05383], [101.7711, 3.05953], [101.75747, 3.06081], [101.75561, 3.06673], [101.75223, 3.06661], [101.75377, 3.06893], [101.74997, 3.06901], [101.74956, 3.07627], [101.74772, 3.07628], [101.74794, 3.07879], [101.7458, 3.08187], [101.7482, 3.08084], [101.74698, 3.0831], [101.78307, 3.11488], [101.78197, 3.11553], [101.78909, 3.12639], [101.80813, 3.14733], [101.8117, 3.15763], [101.80306, 3.17822], [101.80438, 3.17935], [101.80268, 3.18444], [101.81378, 3.20667], [101.81139, 3.21572], [101.81556, 3.22134], [101.81664, 3.22899], [101.83041, 3.24946], [101.83007, 3.25173], [101.83155, 3.25246], [101.83077, 3.25783], [101.84056, 3.26435], [101.84431, 3.27222], [101.85016, 3.27181], [101.85371, 3.27579], [101.86078, 3.27193]]]]}}, {"type": "Feature", "properties": {"dun": "N.24 Semenyih", "state": "Selangor", "parlimen": "P.101 Hulu Langat", "code_dun": "N.24", "district": "Ulu Langat", "lst_mean": 38.44194793701172, "income_mean": 14914.0, "elderly_pct": 8.598180139786365, "lst_norm": 0.6360620664674695, "income_vuln": 0.47350838511391724, "elderly_norm": 0.9429050468511257, "uhvi": 0.6721343912249955, "green_mean": -0.023441703990101814, "green_min": -0.06872367858886719, "green_max": 0.0, "ind_mean": 0.0, "ind_min": 0.0, "ind_max": 0.0, "population": 246800, "elderly_imputed": false, "rank": 16}, "geometry": {"type": "MultiPolygon", "coordinates": [[[[101.91432, 3.11913], [101.95291, 3.11825], [101.95736, 3.11586], [101.94926, 3.11222], [101.94898, 3.10525], [101.95096, 3.10125], [101.95438, 3.09878], [101.95844, 3.0816], [101.9626, 3.07672], [101.96167, 3.06761], [101.95934, 3.06208], [101.96738, 3.05706], [101.96424, 3.05216], [101.96774, 3.04514], [101.96982, 3.02914], [101.96814, 3.02525], [101.96438, 3.02611], [101.96195, 3.02417], [101.95528, 3.02558], [101.94663, 3.01618], [101.94173, 3.01624], [101.93988, 3.01474], [101.94119, 3.00931], [101.94343, 3.00741], [101.94284, 3.00401], [101.93956, 2.99803], [101.93339, 2.99867], [101.93147, 2.99724], [101.92984, 2.97866], [101.92417, 2.97359], [101.9237, 2.96869], [101.88186, 2.86608], [101.78978, 2.86914], [101.78495, 2.87675], [101.76844, 2.88682], [101.76701, 2.89812], [101.7755, 2.89643], [101.78362, 2.88864], [101.78196, 2.89252], [101.78886, 2.89301], [101.79296, 2.89595], [101.80092, 2.89753], [101.80079, 2.91468], [101.79648, 2.91464], [101.79413, 2.93068], [101.80968, 2.9305], [101.80854, 2.934], [101.82016, 2.9378], [101.82244, 2.94151], [101.82124, 2.94339], [101.82142, 2.95376], [101.82406, 2.95127], [101.82963, 2.95125], [101.83016, 2.96062], [101.83166, 2.9616], [101.83166, 2.96444], [101.83464, 2.96686], [101.83338, 2.97052], [101.83519, 2.9695], [101.83611, 2.97257], [101.83321, 2.9764], [101.84163, 2.98715], [101.8461, 2.99614], [101.8401, 2.99984], [101.84005, 3.00544], [101.83702, 3.00507], [101.83687, 3.01], [101.82694, 3.00818], [101.82509, 3.01115], [101.81986, 3.01038], [101.82291, 3.0076], [101.81334, 2.99748], [101.80805, 3.00251], [101.80412, 3.00135], [101.80162, 3.00956], [101.7952, 3.01215], [101.81094, 3.02553], [101.81779, 3.02922], [101.82036, 3.03148], [101.81925, 3.03235], [101.82479, 3.03501], [101.82772, 3.03474], [101.82977, 3.03682], [101.83096, 3.03607], [101.83466, 3.03876], [101.84474, 3.05371], [101.83225, 3.05684], [101.83869, 3.07859], [101.84765, 3.09858], [101.86029, 3.10528], [101.86497, 3.10389], [101.86718, 3.10571], [101.86605, 3.11017], [101.87336, 3.11064], [101.88009, 3.11967], [101.91432, 3.11913]]]]}}, {"type": "Feature", "properties": {"dun": "N.25 Kajang", "state": "Selangor", "parlimen": "P.102 Bangi", "code_dun": "N.25", "district": "Ulu Langat", "lst_mean": 31.898677825927734, "income_mean": 14062.0, "elderly_pct": 8.598180139786365, "lst_norm": 0.2600307930321166, "income_vuln": 0.5304336206320572, "elderly_norm": 0.9429050468511257, "uhvi": 0.49835006338685406, "green_mean": 0.0, "green_min": 0.0, "green_max": 0.0, "ind_mean": 0.0, "ind_min": 0.0, "ind_max": 0.0, "population": 248700, "elderly_imputed": false, "rank": 39}, "geometry": {"type": "MultiPolygon", "coordinates": [[[[101.82721, 3.11299], [101.83678, 3.11038], [101.83815, 3.10774], [101.83664, 3.10155], [101.83989, 3.09884], [101.83788, 3.09652], [101.84097, 3.08285], [101.83225, 3.05684], [101.84474, 3.05371], [101.83466, 3.03876], [101.83096, 3.03607], [101.82977, 3.03682], [101.82772, 3.03474], [101.82479, 3.03501], [101.81925, 3.03235], [101.82036, 3.03148], [101.81779, 3.02922], [101.81094, 3.02553], [101.7952, 3.01215], [101.80162, 3.00956], [101.80412, 3.00135], [101.80805, 3.00251], [101.81334, 2.99748], [101.82291, 3.0076], [101.81986, 3.01038], [101.82509, 3.01115], [101.82694, 3.00818], [101.83687, 3.01], [101.83702, 3.00507], [101.84005, 3.00544], [101.8401, 2.99984], [101.8461, 2.99614], [101.84163, 2.98715], [101.83321, 2.9764], [101.83611, 2.97257], [101.83519, 2.9695], [101.82648, 2.97766], [101.82009, 2.9798], [101.81455, 2.97531], [101.80535, 2.97842], [101.79027, 2.97676], [101.79079, 2.96559], [101.78533, 2.96558], [101.78755, 2.96828], [101.7853, 2.9729], [101.76703, 2.97331], [101.76697, 2.97534], [101.76541, 2.97535], [101.76721, 2.98199], [101.76894, 2.98141], [101.76818, 2.97926], [101.77398, 2.97727], [101.77438, 2.97935], [101.77705, 2.97886], [101.7772, 2.98214], [101.78005, 2.98283], [101.77906, 2.98653], [101.78093, 2.98702], [101.78222, 2.97597], [101.78486, 2.97547], [101.78435, 2.97792], [101.78754, 2.98258], [101.78588, 2.98698], [101.78842, 2.99056], [101.78767, 2.99656], [101.7831, 3.00189], [101.77421, 3.02493], [101.76968, 3.03122], [101.77563, 3.04605], [101.77564, 3.05006], [101.77984, 3.0518], [101.77925, 3.05492], [101.78068, 3.05677], [101.77947, 3.05955], [101.78165, 3.06085], [101.78145, 3.06394], [101.78455, 3.06518], [101.78514, 3.06736], [101.78262, 3.07568], [101.78601, 3.08072], [101.78896, 3.08073], [101.7875, 3.08201], [101.78863, 3.08476], [101.80219, 3.09975], [101.80375, 3.09841], [101.8084, 3.09869], [101.80774, 3.10174], [101.80938, 3.10177], [101.80846, 3.10343], [101.81291, 3.10839], [101.81181, 3.10928], [101.81697, 3.10903], [101.82183, 3.11283], [101.82721, 3.11299]]]]}}, {"type": "Feature", "properties": {"dun": "N.26 Sungai Ramal", "state": "Selangor", "parlimen": "P.102 Bangi", "code_dun": "N.26", "district": "Ulu Langat", "lst_mean": 34.5942497253418, "income_mean": 17280.0, "elderly_pct": 8.598180139786365, "lst_norm": 0.4149410010420535, "income_vuln": 0.3154272733346696, "elderly_norm": 0.9429050468511257, "uhvi": 0.5220535805674755, "green_mean": -0.061522480100393295, "green_min": -5.914642333984375, "green_max": 0.8023853302001953, "ind_mean": 0.0, "ind_min": 0.0, "ind_max": 0.0, "population": 292900, "elderly_imputed": false, "rank": 37}, "geometry": {"type": "MultiPolygon", "coordinates": [[[[101.75183, 3.02413], [101.75754, 3.02063], [101.75752, 3.01806], [101.75998, 3.01517], [101.76364, 3.0157], [101.76951, 3.01252], [101.77104, 3.01329], [101.77112, 3.01208], [101.77277, 3.01396], [101.77394, 3.00553], [101.77293, 3.0028], [101.77601, 3.00186], [101.77523, 3.00032], [101.77703, 2.99974], [101.77681, 2.99746], [101.7753, 2.99804], [101.77593, 2.99523], [101.77106, 2.99574], [101.77089, 2.99105], [101.76839, 2.98918], [101.76993, 2.98747], [101.76541, 2.97764], [101.76703, 2.97331], [101.7853, 2.9729], [101.78755, 2.96828], [101.78533, 2.96558], [101.79079, 2.96559], [101.79027, 2.97676], [101.80535, 2.97842], [101.81455, 2.97531], [101.82009, 2.9798], [101.82982, 2.97485], [101.83464, 2.96686], [101.83166, 2.96444], [101.83166, 2.9616], [101.83016, 2.96062], [101.82963, 2.95125], [101.82406, 2.95127], [101.82142, 2.95376], [101.82124, 2.94339], [101.82244, 2.94151], [101.82016, 2.9378], [101.80854, 2.934], [101.80968, 2.9305], [101.79413, 2.93068], [101.79648, 2.91464], [101.80079, 2.91468], [101.80092, 2.89753], [101.79296, 2.89595], [101.78886, 2.89301], [101.78196, 2.89252], [101.78362, 2.88864], [101.7755, 2.89643], [101.76676, 2.89815], [101.7656, 2.90644], [101.75694, 2.91588], [101.75665, 2.93003], [101.75273, 2.94136], [101.75113, 2.95319], [101.74349, 2.9674], [101.74232, 2.98214], [101.73531, 2.99537], [101.72652, 3.00315], [101.72313, 3.00854], [101.72562, 3.00953], [101.72794, 3.00532], [101.73319, 3.0034], [101.74135, 2.99529], [101.7472, 2.99234], [101.74784, 3.00366], [101.74599, 3.00585], [101.75045, 3.00897], [101.75022, 3.0117], [101.74667, 3.015], [101.74668, 3.0179], [101.74949, 3.01954], [101.74922, 3.02273], [101.74767, 3.02198], [101.749, 3.02641], [101.75211, 3.0255], [101.75183, 3.02413]]]]}}, {"type": "Feature", "properties": {"dun": "N.27 Balakong", "state": "Selangor", "parlimen": "P.102 Bangi", "code_dun": "N.27", "district": "Ulu Langat", "lst_mean": 33.5648307800293, "income_mean": 13346.0, "elderly_pct": 8.598180139786365, "lst_norm": 0.35578193984899364, "income_vuln": 0.5782721988374424, "elderly_norm": 0.9429050468511257, "uhvi": 0.5581852813466388, "green_mean": 0.0, "green_min": 0.0, "green_max": 0.0, "ind_mean": 0.0, "ind_min": 0.0, "ind_max": 0.0, "population": 182200, "elderly_imputed": false, "rank": 30}, "geometry": {"type": "MultiPolygon", "coordinates": [[[[101.75322, 3.06661], [101.75561, 3.06673], [101.75747, 3.06081], [101.7711, 3.05953], [101.77143, 3.05383], [101.77376, 3.05381], [101.77581, 3.04958], [101.76973, 3.0297], [101.77356, 3.02634], [101.7831, 3.00189], [101.78767, 2.99656], [101.78842, 2.99056], [101.78588, 2.98698], [101.78754, 2.98258], [101.78435, 2.97792], [101.78486, 2.97547], [101.78222, 2.97597], [101.78093, 2.98702], [101.77906, 2.98653], [101.78005, 2.98283], [101.7772, 2.98214], [101.77705, 2.97886], [101.77438, 2.97935], [101.77398, 2.97727], [101.76818, 2.97926], [101.76894, 2.98141], [101.76721, 2.98199], [101.76993, 2.98747], [101.76816, 2.98811], [101.77089, 2.99105], [101.77106, 2.99574], [101.77593, 2.99523], [101.7753, 2.99804], [101.77686, 2.99756], [101.77696, 2.99986], [101.77523, 3.00032], [101.77612, 3.00172], [101.77293, 3.0028], [101.77394, 3.00553], [101.77277, 3.01396], [101.77112, 3.01208], [101.77104, 3.01329], [101.76951, 3.01252], [101.76364, 3.0157], [101.75998, 3.01517], [101.75752, 3.01806], [101.75754, 3.02063], [101.75563, 3.02063], [101.75515, 3.02263], [101.75181, 3.02404], [101.75211, 3.0255], [101.749, 3.02641], [101.74767, 3.02198], [101.74922, 3.02273], [101.74949, 3.01954], [101.74668, 3.0179], [101.74667, 3.015], [101.75022, 3.0117], [101.75045, 3.00897], [101.74599, 3.00585], [101.74784, 3.00366], [101.7472, 2.99234], [101.74135, 2.99529], [101.73319, 3.0034], [101.72794, 3.00532], [101.72562, 3.00953], [101.73412, 3.00995], [101.73368, 3.01107], [101.73104, 3.0105], [101.73118, 3.01377], [101.724, 3.01542], [101.72836, 3.02408], [101.73208, 3.02369], [101.7385, 3.02648], [101.73831, 3.03733], [101.7306, 3.03761], [101.73048, 3.05494], [101.74959, 3.05485], [101.74979, 3.06901], [101.75377, 3.06893], [101.7522, 3.0667], [101.75322, 3.06661]]]]}}, {"type": "Feature", "properties": {"dun": "N.28 Seri Kembangan", "state": "Selangor", "parlimen": "P.103 Puchong", "code_dun": "N.28", "district": "Petaling", "lst_mean": 37.6489372253418, "income_mean": 13479.0, "elderly_pct": 8.993503754323799, "lst_norm": 0.5904890085477017, "income_vuln": 0.569385982494822, "elderly_norm": 1.0, "uhvi": 0.6875909998975563, "green_mean": -0.009994685649871826, "green_min": -2.397104263305664, "green_max": 0.0063343048095703125, "ind_mean": 0.0, "ind_min": 0.0, "ind_max": 0.0, "population": 137100, "elderly_imputed": false, "rank": 11}, "geometry": {"type": "MultiPolygon", "coordinates": [[[[101.71505, 3.05337], [101.7156, 3.0488], [101.71684, 3.0496], [101.71602, 3.04647], [101.71966, 3.04713], [101.72114, 3.04023], [101.72317, 3.04081], [101.72424, 3.0388], [101.72414, 3.03623], [101.72223, 3.0362], [101.72238, 3.03346], [101.72883, 3.0376], [101.73062, 3.03519], [101.73062, 3.03762], [101.73831, 3.03733], [101.73817, 3.02558], [101.72836, 3.02408], [101.724, 3.01542], [101.73118, 3.01377], [101.73104, 3.0105], [101.73368, 3.01107], [101.73412, 3.00995], [101.7267, 3.01028], [101.72313, 3.00854], [101.71532, 3.02152], [101.70971, 3.02677], [101.70813, 3.025], [101.70963, 3.02467], [101.71009, 3.02199], [101.70691, 3.02205], [101.70682, 3.01982], [101.70413, 3.01992], [101.70326, 3.01843], [101.70299, 3.00998], [101.68129, 2.9962], [101.6811, 3.02694], [101.68836, 3.03277], [101.68459, 3.04438], [101.6868, 3.04527], [101.69091, 3.04326], [101.69282, 3.04523], [101.69912, 3.0451], [101.69877, 3.04831], [101.7063, 3.04905], [101.70639, 3.04582], [101.70811, 3.04599], [101.71083, 3.05359], [101.71505, 3.05337]]]]}}, {"type": "Feature", "properties": {"dun": "N.29 Seri Serdang", "state": "Selangor", "parlimen": "P.103 Puchong", "code_dun": "N.29", "district": "Petaling", "lst_mean": 35.44002151489258, "income_mean": 10553.0, "elderly_pct": 8.993503754323799, "lst_norm": 0.463546153765573, "income_vuln": 0.7648827420324714, "elderly_norm": 1.0, "uhvi": 0.6729937623909044, "green_mean": -0.10342427343130112, "green_min": -7.49952507019043, "green_max": 0.4119281768798828, "ind_mean": 0.0, "ind_min": 0.0, "ind_max": 0.0, "population": 257800, "elderly_imputed": false, "rank": 15}, "geometry": {"type": "MultiPolygon", "coordinates": [[[[101.5994, 3.03606], [101.59702, 3.02045], [101.59918, 3.02046], [101.5961, 3.01298], [101.60108, 3.01221], [101.59986, 3.00788], [101.60286, 3.00789], [101.60288, 3.00552], [101.6008, 3.00553], [101.6008, 3.00428], [101.61901, 3.00448], [101.61878, 2.99948], [101.62164, 2.99696], [101.62452, 3.00122], [101.63247, 2.99996], [101.63116, 3.02142], [101.6286, 3.03178], [101.62969, 3.03242], [101.66759, 3.01846], [101.67104, 3.01649], [101.67503, 3.0103], [101.68116, 3.01037], [101.68129, 2.9962], [101.70299, 3.00998], [101.70326, 3.01843], [101.70413, 3.01992], [101.70682, 3.01982], [101.70691, 3.02205], [101.71009, 3.02199], [101.70963, 3.02467], [101.70813, 3.025], [101.70971, 3.02677], [101.71532, 3.02152], [101.72115, 3.01191], [101.71725, 3.0074], [101.71845, 3.00734], [101.71925, 2.99632], [101.71841, 2.98923], [101.71358, 2.9864], [101.71425, 2.98387], [101.68676, 2.98121], [101.58429, 2.97997], [101.57707, 2.97685], [101.57562, 2.97976], [101.57851, 2.97971], [101.57972, 2.9813], [101.58522, 3.00071], [101.58277, 3.00162], [101.58327, 3.00723], [101.58606, 3.00832], [101.58454, 3.01579], [101.58917, 3.02655], [101.58929, 3.03363], [101.59411, 3.03423], [101.59414, 3.03942], [101.60098, 3.03944], [101.5994, 3.03606]]]]}}, {"type": "Feature", "properties": {"dun": "N.30 Kinrara", "state": "Selangor", "parlimen": "P.104 Subang", "code_dun": "N.30", "district": "Petaling", "lst_mean": 36.4819221496582, "income_mean": 14505.0, "elderly_pct": 8.993503754323799, "lst_norm": 0.5234225176987005, "income_vuln": 0.5008351707088929, "elderly_norm": 1.0, "uhvi": 0.6369200515265735, "green_mean": -0.09239143133163452, "green_min": -6.6522064208984375, "green_max": 0.326446533203125, "ind_mean": 0.0, "ind_min": 0.0, "ind_max": 0.0, "population": 284400, "elderly_imputed": false, "rank": 21}, "geometry": {"type": "MultiPolygon", "coordinates": [[[[101.63648, 3.07014], [101.64605, 3.07073], [101.65102, 3.06942], [101.6517, 3.06709], [101.6487, 3.06284], [101.64972, 3.06002], [101.64814, 3.05715], [101.65226, 3.05922], [101.6532, 3.05747], [101.6594, 3.05899], [101.65937, 3.04951], [101.65322, 3.05086], [101.65123, 3.04598], [101.66871, 3.04535], [101.66849, 3.04051], [101.67885, 3.04152], [101.68459, 3.04438], [101.68836, 3.03277], [101.6811, 3.02694], [101.68116, 3.01037], [101.67503, 3.0103], [101.67104, 3.01649], [101.66759, 3.01846], [101.62969, 3.03242], [101.6286, 3.03178], [101.63116, 3.02142], [101.63247, 2.99996], [101.62452, 3.00122], [101.62164, 2.99696], [101.61878, 2.99948], [101.61901, 3.00448], [101.6008, 3.00428], [101.6008, 3.00553], [101.60288, 3.00552], [101.60286, 3.00789], [101.59986, 3.00788], [101.60108, 3.01221], [101.5961, 3.01298], [101.59918, 3.02046], [101.59702, 3.02045], [101.60008, 3.03835], [101.6076, 3.04614], [101.6104, 3.05485], [101.61812, 3.05901], [101.62065, 3.07186], [101.62438, 3.07337], [101.63648, 3.07014]]]]}}, {"type": "Feature", "properties": {"dun": "N.31 Subang Jaya", "state": "Selangor", "parlimen": "P.104 Subang", "code_dun": "N.31", "district": "Petaling", "lst_mean": 38.57756423950195, "income_mean": 15934.0, "elderly_pct": 8.993503754323799, "lst_norm": 0.6438557185799831, "income_vuln": 0.40535845526825687, "elderly_norm": 1.0, "uhvi": 0.6732674731070558, "green_mean": -0.14995592832565308, "green_min": -7.770877838134766, "green_max": 0.6994438171386719, "ind_mean": 0.0, "ind_min": 0.0, "ind_max": 0.0, "population": 219000, "elderly_imputed": false, "rank": 14}, "geometry": {"type": "MultiPolygon", "coordinates": [[[[101.59965, 3.0831], [101.60563, 3.08307], [101.60243, 3.07738], [101.59791, 3.07625], [101.59846, 3.07315], [101.61399, 3.07515], [101.61759, 3.07492], [101.6176, 3.07222], [101.62065, 3.07222], [101.61866, 3.06096], [101.61652, 3.05774], [101.6104, 3.05485], [101.6076, 3.04614], [101.60101, 3.03944], [101.59414, 3.03942], [101.59411, 3.03423], [101.58929, 3.03363], [101.58917, 3.02655], [101.58633, 3.02117], [101.58173, 3.0224], [101.5798, 3.02855], [101.57481, 3.03029], [101.57199, 3.0393], [101.56511, 3.05089], [101.56907, 3.05437], [101.56923, 3.06109], [101.5725, 3.06308], [101.57315, 3.08189], [101.58096, 3.08232], [101.58662, 3.08507], [101.59965, 3.0831]]]]}}, {"type": "Feature", "properties": {"dun": "N.32 Seri Setia", "state": "Selangor", "parlimen": "P.105 Petaling Jaya", "code_dun": "N.32", "district": "Petaling", "lst_mean": 41.64250564575195, "income_mean": 20604.0, "elderly_pct": 8.993503754323799, "lst_norm": 0.8199930016862736, "income_vuln": 0.09333867842587029, "elderly_norm": 1.0, "uhvi": 0.6833311704496043, "green_mean": -0.19407156109809875, "green_min": -6.576465606689453, "green_max": 0.29851531982421875, "ind_mean": -0.00036254487349651754, "ind_min": -0.10132217407226562, "ind_max": 0.0, "population": 205300, "elderly_imputed": false, "rank": 12}, "geometry": {"type": "MultiPolygon", "coordinates": [[[[101.53448, 3.1273], [101.54716, 3.12719], [101.55544, 3.11534], [101.5587, 3.103], [101.56791, 3.1167], [101.56846, 3.12724], [101.59606, 3.12723], [101.59202, 3.10933], [101.59599, 3.10936], [101.59623, 3.10661], [101.60789, 3.10739], [101.61027, 3.10627], [101.60717, 3.10067], [101.60711, 3.09139], [101.61529, 3.09143], [101.61533, 3.08767], [101.62001, 3.08693], [101.62004, 3.08437], [101.62736, 3.08503], [101.62683, 3.07183], [101.62438, 3.07337], [101.6176, 3.07222], [101.61759, 3.07492], [101.61399, 3.07515], [101.59846, 3.07315], [101.59791, 3.07625], [101.60243, 3.07738], [101.60563, 3.08307], [101.58763, 3.08504], [101.58096, 3.08232], [101.57265, 3.08188], [101.55707, 3.07546], [101.55464, 3.08414], [101.5551, 3.09355], [101.55007, 3.09292], [101.54647, 3.10239], [101.53422, 3.10993], [101.52627, 3.12609], [101.52633, 3.12736], [101.53448, 3.1273]]]]}}, {"type": "Feature", "properties": {"dun": "N.33 Taman Medan", "state": "Selangor", "parlimen": "P.105 Petaling Jaya", "code_dun": "N.33", "district": "Petaling", "lst_mean": 33.70209503173828, "income_mean": 9994.0, "elderly_pct": 8.993503754323799, "lst_norm": 0.36367029696875336, "income_vuln": 0.8022315761341619, "elderly_norm": 1.0, "uhvi": 0.6323930425179172, "green_mean": 0.0, "green_min": 0.0, "green_max": 0.0, "ind_mean": 0.0, "ind_min": 0.0, "ind_max": 0.0, "population": 94600, "elderly_imputed": false, "rank": 22}, "geometry": {"type": "MultiPolygon", "coordinates": [[[[101.63974, 3.10254], [101.6368, 3.1007], [101.63507, 3.09626], [101.64713, 3.09311], [101.65069, 3.09113], [101.65299, 3.0874], [101.64917, 3.08659], [101.64198, 3.08807], [101.64191, 3.08293], [101.65297, 3.08225], [101.65448, 3.07857], [101.65669, 3.07864], [101.64509, 3.07019], [101.62697, 3.07177], [101.62736, 3.08503], [101.62427, 3.08489], [101.6213, 3.08931], [101.62146, 3.09819], [101.62625, 3.09819], [101.62538, 3.09637], [101.62691, 3.09508], [101.63076, 3.09631], [101.63087, 3.10271], [101.62969, 3.10372], [101.63919, 3.10479], [101.63974, 3.10254]]]]}}, {"type": "Feature", "properties": {"dun": "N.34 Bukit Gasing", "state": "Selangor", "parlimen": "P.105 Petaling Jaya", "code_dun": "N.34", "district": "Petaling", "lst_mean": 35.401790618896484, "income_mean": 16297.0, "elderly_pct": 8.993503754323799, "lst_norm": 0.4613490852872852, "income_vuln": 0.3811050978820071, "elderly_norm": 1.0, "uhvi": 0.5759508171141443, "green_mean": 0.0, "green_min": 0.0, "green_max": 0.0, "ind_mean": 0.0, "ind_min": 0.0, "ind_max": 0.0, "population": 81500, "elderly_imputed": false, "rank": 27}, "geometry": {"type": "MultiPolygon", "coordinates": [[[[101.63712, 3.13112], [101.64777, 3.12688], [101.64304, 3.11901], [101.64933, 3.11725], [101.65221, 3.11006], [101.65916, 3.1129], [101.65771, 3.10962], [101.65909, 3.10939], [101.66047, 3.09981], [101.65888, 3.09052], [101.66037, 3.09074], [101.66373, 3.08636], [101.65963, 3.08492], [101.66069, 3.08235], [101.6574, 3.07875], [101.65448, 3.07857], [101.65297, 3.08225], [101.64191, 3.08293], [101.64198, 3.08807], [101.64917, 3.08659], [101.65299, 3.0874], [101.65069, 3.09113], [101.64713, 3.09311], [101.63507, 3.09626], [101.6368, 3.1007], [101.63974, 3.10254], [101.63919, 3.10479], [101.62969, 3.10372], [101.63087, 3.10271], [101.63076, 3.09631], [101.62691, 3.09508], [101.62538, 3.09637], [101.62594, 3.10438], [101.6293, 3.10603], [101.63069, 3.11096], [101.62651, 3.1128], [101.6273, 3.11595], [101.62554, 3.11799], [101.62821, 3.13093], [101.63485, 3.13106], [101.63571, 3.13241], [101.63712, 3.13112]]]]}}, {"type": "Feature", "properties": {"dun": "N.35 Kampung Tunku", "state": "Selangor", "parlimen": "P.106 Damansara", "code_dun": "N.35", "district": "Petaling", "lst_mean": 40.00068664550781, "income_mean": 12864.0, "elderly_pct": 8.993503754323799, "lst_norm": 0.7256402882981532, "income_vuln": 0.6104763813723525, "elderly_norm": 1.0, "uhvi": 0.7654392394921647, "green_mean": 0.0, "green_min": 0.0, "green_max": 0.0, "ind_mean": 0.0, "ind_min": 0.0, "ind_max": 0.0, "population": 57800, "elderly_imputed": false, "rank": 4}, "geometry": {"type": "MultiPolygon", "coordinates": [[[[101.62572, 3.13131], [101.62821, 3.13093], [101.62554, 3.11799], [101.6273, 3.11595], [101.62651, 3.1128], [101.63069, 3.11096], [101.6293, 3.10603], [101.62594, 3.10438], [101.62625, 3.09819], [101.62146, 3.09819], [101.6213, 3.08931], [101.62427, 3.08489], [101.62004, 3.08437], [101.62001, 3.08693], [101.61533, 3.08767], [101.61529, 3.09143], [101.60711, 3.09139], [101.60726, 3.10105], [101.6118, 3.11063], [101.60636, 3.11289], [101.61292, 3.11341], [101.62272, 3.12522], [101.62572, 3.13131]]]]}}, {"type": "Feature", "properties": {"dun": "N.36 Bandar Utama", "state": "Selangor", "parlimen": "P.106 Damansara", "code_dun": "N.36", "district": "Petaling", "lst_mean": 42.85136413574219, "income_mean": 15492.0, "elderly_pct": 8.993503754323799, "lst_norm": 0.889464166666021, "income_vuln": 0.4348900915347097, "elderly_norm": 1.0, "uhvi": 0.803454606216688, "green_mean": 0.0, "green_min": 0.0, "green_max": 0.0, "ind_mean": 0.0, "ind_min": 0.0, "ind_max": 0.0, "population": 131900, "elderly_imputed": false, "rank": 2}, "geometry": {"type": "MultiPolygon", "coordinates": [[[[101.61518, 3.15292], [101.61806, 3.14975], [101.61928, 3.14524], [101.623, 3.14205], [101.62661, 3.14155], [101.6297, 3.13709], [101.62956, 3.13064], [101.6253, 3.1316], [101.62272, 3.12522], [101.61292, 3.11341], [101.60636, 3.11289], [101.6118, 3.11063], [101.61027, 3.10627], [101.60789, 3.10739], [101.59623, 3.10661], [101.59599, 3.10936], [101.59202, 3.10933], [101.59606, 3.12723], [101.59699, 3.14949], [101.60021, 3.15008], [101.60321, 3.15389], [101.6056, 3.15251], [101.6056, 3.1551], [101.61534, 3.15524], [101.61518, 3.15292]]]]}}, {"type": "Feature", "properties": {"dun": "N.37 Bukit Lanjan", "state": "Selangor", "parlimen": "P.106 Damansara", "code_dun": "N.37", "district": "Petaling", "lst_mean": 36.678340911865234, "income_mean": 12803.0, "elderly_pct": 8.993503754323799, "lst_norm": 0.5347103899743981, "income_vuln": 0.6145520144317498, "elderly_norm": 1.0, "uhvi": 0.6709931985951365, "green_mean": 0.0, "green_min": 0.0, "green_max": 0.0, "ind_mean": 0.0, "ind_min": 0.0, "ind_max": 0.0, "population": 303900, "elderly_imputed": false, "rank": 18}, "geometry": {"type": "MultiPolygon", "coordinates": [[[[101.61207, 3.25031], [101.63428, 3.24958], [101.6369, 3.24689], [101.64501, 3.24534], [101.64474, 3.2421], [101.6479, 3.24115], [101.6505, 3.24241], [101.65017, 3.23991], [101.65206, 3.24078], [101.65413, 3.23882], [101.65301, 3.2375], [101.65388, 3.23523], [101.64668, 3.23501], [101.64619, 3.2327], [101.64036, 3.23187], [101.63832, 3.2288], [101.63655, 3.22874], [101.63936, 3.22179], [101.63649, 3.21599], [101.634, 3.21737], [101.63342, 3.21347], [101.63145, 3.2124], [101.62511, 3.19967], [101.61873, 3.19662], [101.61974, 3.17893], [101.61691, 3.17006], [101.61534, 3.15524], [101.6056, 3.1551], [101.6056, 3.15251], [101.60321, 3.15389], [101.60021, 3.15008], [101.59699, 3.14949], [101.59822, 3.15677], [101.59737, 3.1692], [101.60147, 3.1782], [101.59724, 3.18324], [101.58349, 3.19021], [101.58279, 3.20527], [101.57656, 3.20776], [101.57349, 3.21111], [101.58131, 3.21398], [101.5806, 3.21693], [101.58558, 3.21836], [101.58983, 3.21829], [101.59083, 3.21681], [101.59923, 3.2203], [101.60406, 3.23015], [101.59338, 3.22957], [101.57977, 3.23545], [101.61207, 3.25031]]]]}}, {"type": "Feature", "properties": {"dun": "N.38 Paya Jaras", "state": "Selangor", "parlimen": "P.107 Sungai Buloh", "code_dun": "N.38", "district": "Petaling", "lst_mean": 39.45614242553711, "income_mean": 16524.0, "elderly_pct": 8.993503754323799, "lst_norm": 0.6943462024662721, "income_vuln": 0.365938397808512, "elderly_norm": 1.0, "uhvi": 0.6886577006852641, "green_mean": -0.00033445426379330456, "green_min": -0.5062637329101562, "green_max": 0.01666259765625, "ind_mean": -3.0391853215405717e-05, "ind_min": -0.013332366943359375, "ind_max": 0.017688751220703125, "population": 178200, "elderly_imputed": false, "rank": 10}, "geometry": {"type": "MultiPolygon", "coordinates": [[[[101.55819, 3.25423], [101.56885, 3.25267], [101.57193, 3.2475], [101.57385, 3.25048], [101.57977, 3.23545], [101.59338, 3.22957], [101.60406, 3.23015], [101.60137, 3.22251], [101.59689, 3.21916], [101.59083, 3.21681], [101.58983, 3.21829], [101.58558, 3.21836], [101.5806, 3.21693], [101.58131, 3.21398], [101.57349, 3.21111], [101.57066, 3.21416], [101.56234, 3.20057], [101.56251, 3.19376], [101.55713, 3.19383], [101.55328, 3.19201], [101.553, 3.18887], [101.54507, 3.18721], [101.54418, 3.18629], [101.54549, 3.18431], [101.54226, 3.18434], [101.54227, 3.18065], [101.52928, 3.18106], [101.52926, 3.1846], [101.51541, 3.18107], [101.51448, 3.17643], [101.4993, 3.17674], [101.49925, 3.18251], [101.49568, 3.18246], [101.49097, 3.18537], [101.48899, 3.19182], [101.48754, 3.19227], [101.48392, 3.1931], [101.47685, 3.19132], [101.46832, 3.19343], [101.43192, 3.1924], [101.43394, 3.19869], [101.43893, 3.20245], [101.43982, 3.21193], [101.45887, 3.23903], [101.46743, 3.24533], [101.47037, 3.24647], [101.47899, 3.23714], [101.48067, 3.23042], [101.48704, 3.22313], [101.49268, 3.21971], [101.49257, 3.23109], [101.49801, 3.22254], [101.49987, 3.22271], [101.50224, 3.21971], [101.50437, 3.21975], [101.50556, 3.22242], [101.50872, 3.22273], [101.51418, 3.21803], [101.51626, 3.21914], [101.52115, 3.21671], [101.52318, 3.22041], [101.52685, 3.22104], [101.53058, 3.21609], [101.53078, 3.21822], [101.54743, 3.21817], [101.55153, 3.22545], [101.55259, 3.23256], [101.55954, 3.23228], [101.56044, 3.24411], [101.5571, 3.24913], [101.55519, 3.24829], [101.55362, 3.25014], [101.55593, 3.25126], [101.55466, 3.25542], [101.55819, 3.25423]]]]}}, {"type": "Feature", "properties": {"dun": "N.39 Kota Damansara", "state": "Selangor", "parlimen": "P.107 Sungai Buloh", "code_dun": "N.39", "district": "Petaling", "lst_mean": 41.30572509765625, "income_mean": 15455.0, "elderly_pct": 8.993503754323799, "lst_norm": 0.8006387619531222, "income_vuln": 0.4373621968330327, "elderly_norm": 1.0, "uhvi": 0.7596599301848193, "green_mean": -0.0030305092222988605, "green_min": -0.4481773376464844, "green_max": 0.003204345703125, "ind_mean": -0.003430610988289118, "ind_min": -0.5117645263671875, "ind_max": 0.111968994140625, "population": 187100, "elderly_imputed": false, "rank": 5}, "geometry": {"type": "MultiPolygon", "coordinates": [[[[101.57067, 3.21416], [101.57656, 3.20776], [101.58279, 3.20527], [101.58349, 3.19021], [101.59724, 3.18324], [101.6008, 3.17974], [101.60156, 3.17611], [101.59718, 3.16783], [101.59822, 3.15677], [101.59547, 3.12723], [101.56846, 3.12724], [101.56791, 3.1167], [101.5587, 3.103], [101.55544, 3.11534], [101.54716, 3.12719], [101.52633, 3.12736], [101.52508, 3.1486], [101.52292, 3.15441], [101.52474, 3.15741], [101.52922, 3.15712], [101.52923, 3.15916], [101.52618, 3.15863], [101.5264, 3.16103], [101.52924, 3.16088], [101.52928, 3.18106], [101.54164, 3.18037], [101.54308, 3.18134], [101.54226, 3.18434], [101.54548, 3.18429], [101.54418, 3.18629], [101.54507, 3.18721], [101.553, 3.18887], [101.55328, 3.19201], [101.55713, 3.19383], [101.56251, 3.19376], [101.56234, 3.20057], [101.57067, 3.21416]]]]}}, {"type": "Feature", "properties": {"dun": "N.40 Kota Anggerik", "state": "Selangor", "parlimen": "P.108 Shah Alam", "code_dun": "N.40", "district": "Petaling", "lst_mean": 38.47806167602539, "income_mean": 15834.0, "elderly_pct": 8.993503754323799, "lst_norm": 0.6381374653183925, "income_vuln": 0.41203982093940006, "elderly_norm": 1.0, "uhvi": 0.6720786878940463, "green_mean": -0.08021403104066849, "green_min": -7.373355865478516, "green_max": 0.3711204528808594, "ind_mean": 0.6502811908721924, "ind_min": -7.3011932373046875, "ind_max": 11.756908416748047, "population": 308100, "elderly_imputed": false, "rank": 17}, "geometry": {"type": "MultiPolygon", "coordinates": [[[[101.52927, 3.17751], [101.52924, 3.16088], [101.5264, 3.16103], [101.52618, 3.15863], [101.52923, 3.15916], [101.52922, 3.15712], [101.52474, 3.15741], [101.52292, 3.15441], [101.52508, 3.1486], [101.52627, 3.12609], [101.53422, 3.10993], [101.54647, 3.10239], [101.55007, 3.09292], [101.5551, 3.09355], [101.55464, 3.08414], [101.55719, 3.07502], [101.55089, 3.07056], [101.54779, 3.06548], [101.54314, 3.06184], [101.50739, 3.05145], [101.49082, 3.05241], [101.49111, 3.06345], [101.47478, 3.05858], [101.47239, 3.06455], [101.4559, 3.0678], [101.45137, 3.07383], [101.44944, 3.0733], [101.44367, 3.09283], [101.44171, 3.11003], [101.44463, 3.1102], [101.44451, 3.11219], [101.45313, 3.11373], [101.45278, 3.11966], [101.45505, 3.11949], [101.45503, 3.13422], [101.47093, 3.13438], [101.47252, 3.15229], [101.47067, 3.15804], [101.4735, 3.16035], [101.47353, 3.1659], [101.47683, 3.17072], [101.49921, 3.16955], [101.4993, 3.17674], [101.51448, 3.17643], [101.51541, 3.18107], [101.52926, 3.1846], [101.52927, 3.17751]]]]}}, {"type": "Feature", "properties": {"dun": "N.41 Batu Tiga", "state": "Selangor", "parlimen": "P.108 Shah Alam", "code_dun": "N.41", "district": "Petaling", "lst_mean": 37.94038391113281, "income_mean": 11917.0, "elderly_pct": 8.993503754323799, "lst_norm": 0.6072379836833702, "income_vuln": 0.6737489142780784, "elderly_norm": 1.0, "uhvi": 0.7220562204112047, "green_mean": -0.004642304033041, "green_min": -0.4987678527832031, "green_max": 0.001796722412109375, "ind_mean": 0.0, "ind_min": 0.0, "ind_max": 0.0, "population": 153800, "elderly_imputed": false, "rank": 7}, "geometry": {"type": "MultiPolygon", "coordinates": [[[[101.5661, 3.05186], [101.56511, 3.05089], [101.57246, 3.03815], [101.54902, 3.04231], [101.54758, 3.03883], [101.54536, 3.04653], [101.54123, 3.04481], [101.53626, 3.03853], [101.52773, 3.03899], [101.52783, 3.03642], [101.52553, 3.03489], [101.52483, 3.02858], [101.52273, 3.03622], [101.51912, 3.02945], [101.51549, 3.03218], [101.51053, 3.04337], [101.50729, 3.03982], [101.49618, 3.04059], [101.49707, 3.04709], [101.49228, 3.045], [101.4835, 3.0481], [101.48039, 3.04697], [101.47675, 3.04861], [101.4741, 3.04692], [101.4736, 3.052], [101.46933, 3.04757], [101.46685, 3.0471], [101.46516, 3.0393], [101.46305, 3.03762], [101.45619, 3.03938], [101.45286, 3.04489], [101.45354, 3.04645], [101.46387, 3.04764], [101.46749, 3.0535], [101.47446, 3.05463], [101.47563, 3.05635], [101.47478, 3.05858], [101.48931, 3.06335], [101.49117, 3.06326], [101.49082, 3.05241], [101.5039, 3.05149], [101.51105, 3.0521], [101.54095, 3.06116], [101.54779, 3.06548], [101.55089, 3.07056], [101.55707, 3.07546], [101.57315, 3.08189], [101.5725, 3.06308], [101.56923, 3.06109], [101.56928, 3.05491], [101.5661, 3.05186]]]]}}, {"type": "Feature", "properties": {"dun": "N.42 Meru", "state": "Selangor", "parlimen": "P.109 Kapar", "code_dun": "N.42", "district": "Klang", "lst_mean": 32.760108947753906, "income_mean": 10096.0, "elderly_pct": 8.469991546914624, "lst_norm": 0.3095358625490279, "income_vuln": 0.7954165831495958, "elderly_norm": 0.9243912990377147, "uhvi": 0.5847199018213416, "green_mean": -0.0014255836140364408, "green_min": -0.749664306640625, "green_max": 0.028797149658203125, "ind_mean": -0.020375769585371017, "ind_min": -3.5990524291992188, "ind_max": 7.740283966064453, "population": 121100, "elderly_imputed": false, "rank": 25}, "geometry": {"type": "MultiPolygon", "coordinates": [[[[101.46968, 3.19323], [101.47685, 3.19132], [101.48392, 3.1931], [101.48899, 3.19182], [101.49097, 3.18537], [101.49568, 3.18246], [101.49925, 3.18251], [101.49921, 3.16955], [101.47683, 3.17072], [101.47353, 3.1659], [101.4735, 3.16035], [101.47067, 3.15804], [101.47252, 3.15229], [101.47093, 3.13438], [101.45503, 3.13422], [101.45505, 3.11949], [101.45278, 3.11966], [101.45313, 3.11373], [101.44451, 3.11219], [101.44463, 3.1102], [101.4418, 3.10902], [101.42309, 3.11168], [101.42315, 3.09289], [101.39407, 3.0929], [101.3927, 3.09022], [101.37897, 3.09597], [101.37827, 3.09391], [101.36775, 3.09797], [101.36518, 3.11085], [101.36717, 3.11195], [101.36855, 3.1234], [101.37517, 3.1307], [101.37585, 3.13345], [101.37573, 3.13713], [101.3677, 3.13986], [101.37112, 3.15025], [101.38486, 3.1453], [101.3788, 3.13941], [101.3789, 3.13647], [101.40327, 3.13635], [101.40327, 3.15415], [101.4092, 3.15415], [101.40936, 3.15706], [101.41533, 3.15705], [101.41533, 3.15595], [101.43107, 3.15599], [101.43144, 3.15326], [101.43418, 3.15327], [101.43334, 3.1594], [101.43603, 3.15978], [101.43307, 3.1924], [101.46968, 3.19323]]]]}}, {"type": "Feature", "properties": {"dun": "N.43 Sementa", "state": "Selangor", "parlimen": "P.109 Kapar", "code_dun": "N.43", "district": "Klang", "lst_mean": 31.454265594482422, "income_mean": 11132.0, "elderly_pct": 8.469991546914624, "lst_norm": 0.2344911325132048, "income_vuln": 0.7261976347965524, "elderly_norm": 0.9243912990377147, "uhvi": 0.5298927997151691, "green_mean": -0.00015994140994735062, "green_min": -0.09098052978515625, "green_max": 0.23370742797851562, "ind_mean": 0.0, "ind_min": 0.0, "ind_max": 0.0, "population": 122200, "elderly_imputed": false, "rank": 35}, "geometry": {"type": "MultiPolygon", "coordinates": [[[[101.42161, 3.15597], [101.40936, 3.15706], [101.4092, 3.15415], [101.40327, 3.15415], [101.40327, 3.13635], [101.3789, 3.13647], [101.3788, 3.13941], [101.38486, 3.1453], [101.37112, 3.15025], [101.3677, 3.13986], [101.37568, 3.13716], [101.37598, 3.13584], [101.37517, 3.1307], [101.36855, 3.1234], [101.36717, 3.11195], [101.36518, 3.11085], [101.36775, 3.09797], [101.37827, 3.09391], [101.37897, 3.09597], [101.38801, 3.09302], [101.40547, 3.08312], [101.41045, 3.08487], [101.4105, 3.08176], [101.41242, 3.08169], [101.41242, 3.07978], [101.41757, 3.0797], [101.41758, 3.07834], [101.43633, 3.07787], [101.4385, 3.07027], [101.43371, 3.06713], [101.44282, 3.06078], [101.4414, 3.05825], [101.43289, 3.06308], [101.43304, 3.0603], [101.43596, 3.05784], [101.43033, 3.05228], [101.42232, 3.05559], [101.41509, 3.04758], [101.4087, 3.04561], [101.40282, 3.04093], [101.39413, 3.04222], [101.39147, 3.03604], [101.38966, 3.03646], [101.3845, 3.04466], [101.37354, 3.04522], [101.37207, 3.04759], [101.36362, 3.0483], [101.35955, 3.05201], [101.36056, 3.06097], [101.35862, 3.06097], [101.35616, 3.07024], [101.35877, 3.07122], [101.35884, 3.0731], [101.35449, 3.07448], [101.35614, 3.07776], [101.35319, 3.07632], [101.34838, 3.08316], [101.3494, 3.0847], [101.32935, 3.10577], [101.32714, 3.11087], [101.31973, 3.1132], [101.31205, 3.13041], [101.31218, 3.13498], [101.31061, 3.13677], [101.31257, 3.13889], [101.30946, 3.1443], [101.30754, 3.16287], [101.31585, 3.16412], [101.31578, 3.1655], [101.32355, 3.15716], [101.32811, 3.16263], [101.34338, 3.16201], [101.34335, 3.175], [101.36966, 3.17507], [101.36964, 3.18597], [101.40072, 3.18602], [101.40069, 3.19193], [101.43307, 3.1924], [101.43603, 3.15978], [101.43334, 3.1594], [101.43418, 3.15327], [101.43144, 3.15326], [101.43107, 3.15599], [101.42161, 3.15597]]]]}}, {"type": "Feature", "properties": {"dun": "N.44 Selat Klang", "state": "Selangor", "parlimen": "P.109 Kapar", "code_dun": "N.44", "district": "Klang", "lst_mean": 32.00874710083008, "income_mean": 9802.0, "elderly_pct": 8.469991546914624, "lst_norm": 0.266356298307762, "income_vuln": 0.8150597982227568, "elderly_norm": 0.9243912990377147, "uhvi": 0.5680409234689988, "green_mean": 0.0, "green_min": 0.0, "green_max": 0.0, "ind_mean": 0.0, "ind_min": 0.0, "ind_max": 0.0, "population": 87300, "elderly_imputed": false, "rank": 29}, "geometry": {"type": "MultiPolygon", "coordinates": [[[[101.25963, 2.9297], [101.25836, 2.92728], [101.25965, 2.91667], [101.25577, 2.90828], [101.25135, 2.90505], [101.23444, 2.90175], [101.23404, 2.92125], [101.23975, 2.92218], [101.24452, 2.92539], [101.24932, 2.9293], [101.25714, 2.93918], [101.25944, 2.93851], [101.25963, 2.9297]]], [[[101.24454, 2.92617], [101.23807, 2.92221], [101.23535, 2.92196], [101.23369, 2.92356], [101.23438, 2.92678], [101.23179, 2.93073], [101.23426, 2.94092], [101.23425, 2.94854], [101.23636, 2.95318], [101.24113, 2.95742], [101.25549, 2.96588], [101.25871, 2.95195], [101.25888, 2.94102], [101.24454, 2.92617]]], [[[101.27098, 2.95528], [101.27817, 2.96717], [101.28226, 2.96924], [101.27909, 2.96104], [101.27098, 2.95528]]], [[[101.29324, 2.94711], [101.29199, 2.94702], [101.2927, 2.94622], [101.2747, 2.9171], [101.26941, 2.91313], [101.26337, 2.91399], [101.26327, 2.94348], [101.26479, 2.94864], [101.2784, 2.95968], [101.28925, 2.96561], [101.29509, 2.97325], [101.30223, 2.97504], [101.30427, 2.9737], [101.29324, 2.94711]]], [[[101.30552, 2.97651], [101.29594, 2.9748], [101.2883, 2.96559], [101.27993, 2.96156], [101.28269, 2.96858], [101.2906, 2.97585], [101.30288, 2.98064], [101.30597, 2.97808], [101.30552, 2.97651]]], [[[101.30819, 2.98032], [101.30519, 2.98192], [101.31067, 2.98501], [101.31276, 2.98425], [101.31289, 2.98243], [101.30819, 2.98032]]], [[[101.32139, 2.98892], [101.31467, 2.98446], [101.31299, 2.98536], [101.32245, 2.99056], [101.32139, 2.98892]]], [[[101.22281, 3.00082], [101.22313, 3.00062], [101.22388, 3.00073], [101.2232, 3.00024], [101.22281, 3.00082]]], [[[101.25523, 3.0163], [101.26133, 3.01633], [101.26232, 3.01434], [101.26218, 3.00302], [101.26035, 2.99935], [101.24861, 2.99196], [101.23817, 2.9802], [101.23282, 2.97771], [101.23372, 2.97675], [101.23114, 2.97124], [101.2272, 2.96658], [101.22173, 2.9651], [101.21871, 2.96634], [101.21684, 2.96999], [101.22071, 2.98327], [101.223, 2.98476], [101.22627, 2.98333], [101.22362, 2.98502], [101.2245, 2.98569], [101.22159, 2.98616], [101.22277, 2.99428], [101.22521, 2.99512], [101.22898, 2.99281], [101.23062, 2.99406], [101.22463, 2.99881], [101.22492, 3.00482], [101.23506, 3.01006], [101.23603, 3.00858], [101.23628, 3.01047], [101.24937, 3.01622], [101.25523, 3.0163]]], [[[101.26987, 3.0128], [101.26658, 3.00999], [101.26645, 3.01385], [101.2673, 3.01726], [101.26694, 3.01266], [101.26794, 3.01923], [101.27061, 3.02241], [101.27169, 3.01634], [101.26987, 3.0128]]], [[[101.4264, 3.04926], [101.42421, 3.03338], [101.41499, 3.02486], [101.41897, 3.02433], [101.41955, 3.02292], [101.41071, 3.01313], [101.40664, 3.01696], [101.39458, 3.00574], [101.3967, 3.00148], [101.39368, 3.00028], [101.39291, 3.00152], [101.39096, 3.00036], [101.39203, 2.99856], [101.38781, 2.99811], [101.39151, 2.99308], [101.38808, 2.99297], [101.38665, 2.98654], [101.38308, 2.99], [101.37688, 2.98723], [101.36328, 2.99447], [101.36462, 3.00035], [101.35979, 3.01045], [101.35878, 3.01631], [101.35791, 3.04257], [101.35955, 3.05201], [101.36362, 3.0483], [101.37207, 3.04759], [101.37354, 3.04522], [101.3845, 3.04466], [101.38796, 3.03807], [101.39147, 3.03604], [101.39413, 3.04222], [101.40368, 3.04122], [101.4087, 3.04561], [101.41668, 3.04868], [101.42232, 3.05559], [101.42416, 3.05548], [101.42401, 3.04929], [101.4264, 3.04926]]], [[[101.25983, 3.05954], [101.26876, 3.05823], [101.26974, 3.05718], [101.26786, 3.05711], [101.27255, 3.05549], [101.27783, 3.04901], [101.28011, 3.04162], [101.2749, 3.03246], [101.27169, 3.03118], [101.2591, 3.01937], [101.25292, 3.01769], [101.24746, 3.01825], [101.22676, 3.00801], [101.21944, 3.00809], [101.21847, 3.0119], [101.22061, 3.01999], [101.23402, 3.0443], [101.24509, 3.05429], [101.25983, 3.05954]]], [[[101.32267, 3.06923], [101.33353, 3.0666], [101.33772, 3.0613], [101.33815, 3.05223], [101.33517, 3.03946], [101.33507, 3.03063], [101.33837, 3.01783], [101.33635, 3.01687], [101.33895, 3.01074], [101.33956, 3.00012], [101.33585, 2.99924], [101.3332, 2.99548], [101.29061, 2.97666], [101.28396, 2.97067], [101.27873, 2.96821], [101.26867, 2.95472], [101.26551, 2.95521], [101.26623, 2.95357], [101.26415, 2.95305], [101.26225, 2.96091], [101.26332, 2.96064], [101.26245, 2.96322], [101.26404, 2.96366], [101.26238, 2.9639], [101.26366, 2.97856], [101.2811, 3.0084], [101.29702, 3.04973], [101.3053, 3.06351], [101.31285, 3.06772], [101.32267, 3.06923]]]]}}, {"type": "Feature", "properties": {"dun": "N.45 Bandar Baru Klang", "state": "Selangor", "parlimen": "P.110 Klang", "code_dun": "N.45", "district": "Klang", "lst_mean": 39.11991882324219, "income_mean": 9809.0, "elderly_pct": 8.469991546914624, "lst_norm": 0.675023969517977, "income_vuln": 0.8145921026257767, "elderly_norm": 0.9243912990377147, "uhvi": 0.7722578351748614, "green_mean": 0.0, "green_min": 0.0, "green_max": 0.0, "ind_mean": 0.0, "ind_min": 0.0, "ind_max": 0.0, "population": 118300, "elderly_imputed": false, "rank": 3}, "geometry": {"type": "MultiPolygon", "coordinates": [[[[101.44364, 3.09306], [101.44944, 3.0733], [101.45137, 3.07383], [101.45748, 3.06689], [101.47239, 3.06455], [101.47563, 3.05635], [101.4711, 3.05323], [101.46749, 3.0535], [101.46559, 3.04866], [101.46162, 3.04668], [101.44886, 3.04515], [101.44274, 3.04831], [101.437, 3.04557], [101.42421, 3.03338], [101.42701, 3.04873], [101.42401, 3.04929], [101.42416, 3.05548], [101.42845, 3.05216], [101.43136, 3.05308], [101.43596, 3.05784], [101.43304, 3.0603], [101.43289, 3.06308], [101.4414, 3.05825], [101.44267, 3.05991], [101.43371, 3.06713], [101.4385, 3.07027], [101.43633, 3.07787], [101.41758, 3.07834], [101.41757, 3.0797], [101.41242, 3.07978], [101.41242, 3.08169], [101.4105, 3.08176], [101.41045, 3.08487], [101.40547, 3.08312], [101.3927, 3.09022], [101.39407, 3.0929], [101.42315, 3.09289], [101.42336, 3.11179], [101.4418, 3.10902], [101.44364, 3.09306]]]]}}, {"type": "Feature", "properties": {"dun": "N.46 Pelabuhan Klang", "state": "Selangor", "parlimen": "P.110 Klang", "code_dun": "N.46", "district": "Klang", "lst_mean": 34.16142272949219, "income_mean": 11065.0, "elderly_pct": 8.469991546914624, "lst_norm": 0.3900671254930639, "income_vuln": 0.7306741497962184, "elderly_norm": 0.9243912990377147, "uhvi": 0.6087999249550152, "green_mean": 0.0, "green_min": 0.0, "green_max": 0.0, "ind_mean": 0.0, "ind_min": 0.0, "ind_max": 0.0, "population": 105800, "elderly_imputed": false, "rank": 23}, "geometry": {"type": "MultiPolygon", "coordinates": [[[[101.42553, 3.01074], [101.42554, 3.00666], [101.42826, 3.00668], [101.42912, 3.00467], [101.42857, 3.00256], [101.42557, 3.00132], [101.42578, 2.99774], [101.42788, 2.99772], [101.42774, 2.99135], [101.42358, 2.99139], [101.42369, 2.98362], [101.45238, 2.98387], [101.46308, 2.97083], [101.46972, 2.95181], [101.45209, 2.95172], [101.44339, 2.94976], [101.42173, 2.94993], [101.42537, 2.95365], [101.43696, 2.95905], [101.43945, 2.96322], [101.43769, 2.96667], [101.42824, 2.97417], [101.42069, 2.97759], [101.41534, 2.97756], [101.40992, 2.97257], [101.40362, 2.95312], [101.3907, 2.94277], [101.38811, 2.93883], [101.38635, 2.91816], [101.3828, 2.91016], [101.37894, 2.90579], [101.37327, 2.90361], [101.36476, 2.90773], [101.35556, 2.9175], [101.35121, 2.92848], [101.34064, 2.92555], [101.33709, 2.92132], [101.33888, 2.91659], [101.34878, 2.90554], [101.35032, 2.89915], [101.34728, 2.89504], [101.33996, 2.89528], [101.32827, 2.90843], [101.32031, 2.91206], [101.31516, 2.9091], [101.30152, 2.89249], [101.28492, 2.88141], [101.28288, 2.88402], [101.2763, 2.884], [101.26851, 2.88816], [101.27062, 2.8966], [101.2789, 2.90631], [101.28106, 2.90482], [101.28178, 2.90583], [101.2875, 2.91679], [101.29055, 2.9267], [101.3096, 2.9594], [101.31563, 2.96829], [101.32597, 2.97791], [101.33362, 2.98159], [101.33374, 2.98334], [101.33953, 2.98846], [101.35479, 2.99618], [101.36328, 2.99447], [101.37688, 2.98723], [101.38134, 2.98991], [101.38468, 2.9897], [101.38665, 2.98654], [101.38808, 2.99297], [101.39151, 2.99308], [101.38781, 2.99811], [101.39203, 2.99856], [101.39096, 3.00036], [101.3967, 3.00148], [101.3988, 2.99718], [101.40196, 2.99867], [101.40503, 2.99416], [101.41897, 2.99999], [101.4202, 3.00252], [101.41742, 3.00695], [101.42089, 3.00853], [101.4209, 3.01071], [101.42553, 3.01074]]]]}}, {"type": "Feature", "properties": {"dun": "N.47 Pandamaran", "state": "Selangor", "parlimen": "P.110 Klang", "code_dun": "N.47", "district": "Klang", "lst_mean": 36.99886703491211, "income_mean": 11716.0, "elderly_pct": 8.469991546914624, "lst_norm": 0.5531305138837634, "income_vuln": 0.6871784592770762, "elderly_norm": 0.9243912990377147, "uhvi": 0.6794576965205794, "green_mean": 0.0, "green_min": 0.0, "green_max": 0.0, "ind_mean": 0.0, "ind_min": 0.0, "ind_max": 0.0, "population": 89400, "elderly_imputed": false, "rank": 13}, "geometry": {"type": "MultiPolygon", "coordinates": [[[[101.44691, 3.0459], [101.45268, 3.04505], [101.45469, 3.04133], [101.45209, 3.04123], [101.44977, 3.0296], [101.44387, 3.03002], [101.44443, 3.02628], [101.44255, 3.02605], [101.43992, 3.01353], [101.43195, 3.01503], [101.4322, 3.01078], [101.4209, 3.01071], [101.42089, 3.00853], [101.41742, 3.00695], [101.42026, 3.00108], [101.41419, 2.99712], [101.40503, 2.99416], [101.40196, 2.99867], [101.3988, 2.99718], [101.39458, 3.00574], [101.40664, 3.01696], [101.41071, 3.01313], [101.41955, 3.02292], [101.41897, 3.02433], [101.41499, 3.02486], [101.437, 3.04557], [101.44274, 3.04831], [101.44691, 3.0459]]]]}}, {"type": "Feature", "properties": {"dun": "N.48 Sentosa", "state": "Selangor", "parlimen": "P.111 Kota Raja", "code_dun": "N.48", "district": "Klang", "lst_mean": 38.894161224365234, "income_mean": 10691.0, "elderly_pct": 8.469991546914624, "lst_norm": 0.6620500411989236, "income_vuln": 0.7556624574062938, "elderly_norm": 0.9243912990377147, "uhvi": 0.7510384597104639, "green_mean": 0.0, "green_min": 0.0, "green_max": 0.0, "ind_mean": 0.0, "ind_min": 0.0, "ind_max": 0.0, "population": 195600, "elderly_imputed": false, "rank": 6}, "geometry": {"type": "MultiPolygon", "coordinates": [[[[101.47885, 3.02875], [101.48013, 3.02542], [101.48327, 3.0275], [101.48467, 3.02499], [101.48673, 3.02613], [101.48816, 3.02363], [101.48597, 3.0229], [101.48824, 3.01874], [101.49872, 3.01542], [101.49819, 3.01297], [101.49661, 3.01289], [101.49823, 3.01102], [101.4971, 3.00358], [101.48912, 3.00289], [101.49101, 3.00218], [101.48701, 2.99122], [101.48821, 2.99071], [101.48712, 2.9877], [101.45981, 2.99783], [101.46003, 3.0004], [101.44342, 3.00065], [101.44741, 2.99056], [101.45238, 2.98387], [101.42369, 2.98362], [101.42358, 2.99139], [101.42774, 2.99135], [101.42788, 2.99772], [101.42578, 2.99774], [101.42557, 3.00132], [101.42857, 3.00256], [101.42912, 3.00467], [101.42826, 3.00668], [101.42554, 3.00666], [101.42553, 3.01074], [101.4322, 3.01078], [101.43195, 3.01503], [101.43992, 3.01353], [101.44003, 3.01224], [101.45594, 3.01089], [101.45867, 3.02168], [101.46065, 3.02104], [101.46124, 3.02331], [101.46992, 3.02407], [101.47404, 3.02605], [101.47389, 3.02755], [101.47885, 3.02875]]]]}}, {"type": "Feature", "properties": {"dun": "N.49 Sungai Kandis", "state": "Selangor", "parlimen": "P.111 Kota Raja", "code_dun": "N.49", "district": "Klang", "lst_mean": 37.77964782714844, "income_mean": 11959.0, "elderly_pct": 8.469991546914624, "lst_norm": 0.5980007378840151, "income_vuln": 0.6709427406961983, "elderly_norm": 0.9243912990377147, "uhvi": 0.6978338788754858, "green_mean": 0.0, "green_min": 0.0, "green_max": 0.0, "ind_mean": 0.0, "ind_min": 0.0, "ind_max": 0.0, "population": 160400, "elderly_imputed": false, "rank": 9}, "geometry": {"type": "MultiPolygon", "coordinates": [[[[101.47381, 3.04765], [101.4835, 3.0481], [101.49153, 3.045], [101.49707, 3.04709], [101.4956, 3.04174], [101.49816, 3.04023], [101.50803, 3.04], [101.51053, 3.04337], [101.51522, 3.03253], [101.51869, 3.02954], [101.52151, 3.03584], [101.52328, 3.03587], [101.52479, 3.02431], [101.52171, 3.02394], [101.52171, 3.0215], [101.52402, 3.02131], [101.52335, 3.01891], [101.52792, 3.01586], [101.5117, 3.00727], [101.51164, 2.9887], [101.51346, 2.98872], [101.50417, 2.98568], [101.50722, 2.97935], [101.53855, 2.97899], [101.54194, 2.97288], [101.55743, 2.98072], [101.5632, 2.97642], [101.57026, 2.97602], [101.56082, 2.97024], [101.56255, 2.96429], [101.55013, 2.95773], [101.54979, 2.9646], [101.52427, 2.94971], [101.47029, 2.94993], [101.46308, 2.97083], [101.44905, 2.98778], [101.44315, 3.00046], [101.46003, 3.0004], [101.45981, 2.99783], [101.48712, 2.9877], [101.48821, 2.99071], [101.48701, 2.99122], [101.49101, 3.00218], [101.48912, 3.00289], [101.4971, 3.00358], [101.49823, 3.01102], [101.49661, 3.01289], [101.49819, 3.01297], [101.49872, 3.01542], [101.48824, 3.01874], [101.48597, 3.0229], [101.48816, 3.02363], [101.48673, 3.02613], [101.48467, 3.02499], [101.48327, 3.0275], [101.48013, 3.02542], [101.47867, 3.02946], [101.47389, 3.02755], [101.47404, 3.02605], [101.47181, 3.02476], [101.46124, 3.02331], [101.46065, 3.02104], [101.45867, 3.02168], [101.45594, 3.01089], [101.44003, 3.01224], [101.43992, 3.01353], [101.44255, 3.02605], [101.44443, 3.02628], [101.44387, 3.03002], [101.44977, 3.0296], [101.45209, 3.04123], [101.46305, 3.03762], [101.46516, 3.0393], [101.46509, 3.04342], [101.46759, 3.04787], [101.46933, 3.04757], [101.4736, 3.052], [101.47381, 3.04765]]]]}}, {"type": "Feature", "properties": {"dun": "N.50 Kota Kemuning", "state": "Selangor", "parlimen": "P.111 Kota Raja", "code_dun": "N.50", "district": "Petaling", "lst_mean": 37.23394775390625, "income_mean": 11776.0, "elderly_pct": 8.993503754323799, "lst_norm": 0.5666402270123294, "income_vuln": 0.6831696398743903, "elderly_norm": 1.0, "uhvi": 0.7041125234747623, "green_mean": 0.0, "green_min": 0.0, "green_max": 0.0, "ind_mean": 0.0, "ind_min": 0.0, "ind_max": 0.0, "population": 194600, "elderly_imputed": false, "rank": 8}, "geometry": {"type": "MultiPolygon", "coordinates": [[[[101.54758, 3.03883], [101.54902, 3.04231], [101.57246, 3.03815], [101.57481, 3.03029], [101.5798, 3.02855], [101.58173, 3.0224], [101.58637, 3.02112], [101.58437, 3.01427], [101.58606, 3.00832], [101.58327, 3.00723], [101.58277, 3.00162], [101.58522, 3.00071], [101.57972, 2.9813], [101.57026, 2.97602], [101.5665, 2.97589], [101.55983, 2.97811], [101.55743, 2.98072], [101.54194, 2.97288], [101.53855, 2.97899], [101.50722, 2.97935], [101.50417, 2.98568], [101.51346, 2.98872], [101.51164, 2.9887], [101.5117, 3.00727], [101.52792, 3.01586], [101.52335, 3.01891], [101.52402, 3.02131], [101.52171, 3.0215], [101.52171, 3.02394], [101.52479, 3.02431], [101.52553, 3.03489], [101.52783, 3.03642], [101.5274, 3.03857], [101.53626, 3.03853], [101.54123, 3.04481], [101.54536, 3.04653], [101.54758, 3.03883]]]]}}, {"type": "Feature", "properties": {"dun": "N.51 Sijangkang", "state": "Selangor", "parlimen": "P.112 Kuala Langat", "code_dun": "N.51", "district": "Kuala Langat", "lst_mean": 34.19434356689453, "income_mean": 12509.0, "elderly_pct": 7.446808510638298, "lst_norm": 0.39195903339244764, "income_vuln": 0.6341952295049108, "elderly_norm": 0.7766172087211644, "uhvi": 0.5486826262527426, "green_mean": 0.0, "green_min": 0.0, "green_max": 0.0, "ind_mean": 0.0, "ind_min": 0.0, "ind_max": 0.0, "population": 147700, "elderly_imputed": false, "rank": 32}, "geometry": {"type": "MultiPolygon", "coordinates": [[[[101.5782, 2.97451], [101.64297, 2.85011], [101.63454, 2.8447], [101.63025, 2.85356], [101.59025, 2.85344], [101.59025, 2.85776], [101.57968, 2.85818], [101.57869, 2.85312], [101.56488, 2.86857], [101.55906, 2.86356], [101.55601, 2.86493], [101.55332, 2.86371], [101.55059, 2.86444], [101.55073, 2.86712], [101.53843, 2.86685], [101.5399, 2.86832], [101.536, 2.87324], [101.51639, 2.85739], [101.51148, 2.86376], [101.50991, 2.86255], [101.50491, 2.86894], [101.51319, 2.87565], [101.51872, 2.86924], [101.5268, 2.87569], [101.5159, 2.88882], [101.51439, 2.8891], [101.5088, 2.88461], [101.50867, 2.90987], [101.49046, 2.89298], [101.48564, 2.88662], [101.48136, 2.88738], [101.47469, 2.87872], [101.47294, 2.88092], [101.47388, 2.88885], [101.47176, 2.8897], [101.45161, 2.88054], [101.45027, 2.8738], [101.44382, 2.86451], [101.43992, 2.86689], [101.43498, 2.86513], [101.42848, 2.86559], [101.42425, 2.86333], [101.42239, 2.85851], [101.42221, 2.84807], [101.41421, 2.84621], [101.41377, 2.8398], [101.41134, 2.8368], [101.41118, 2.83243], [101.4137, 2.82654], [101.41133, 2.80804], [101.40787, 2.80467], [101.38616, 2.80682], [101.36147, 2.81184], [101.35307, 2.81815], [101.34875, 2.81749], [101.3451, 2.81969], [101.34582, 2.82083], [101.32436, 2.8302], [101.3139, 2.83273], [101.30657, 2.83216], [101.29658, 2.83694], [101.28723, 2.8362], [101.28477, 2.84805], [101.28873, 2.84869], [101.28623, 2.85741], [101.28682, 2.86086], [101.28312, 2.87028], [101.28306, 2.87451], [101.28687, 2.87896], [101.28492, 2.88141], [101.30152, 2.89249], [101.31516, 2.9091], [101.32031, 2.91206], [101.32827, 2.90843], [101.33996, 2.89528], [101.34728, 2.89504], [101.35032, 2.89915], [101.34878, 2.90554], [101.33888, 2.91659], [101.33709, 2.92132], [101.33829, 2.92382], [101.34382, 2.92684], [101.35121, 2.92848], [101.35187, 2.92426], [101.35822, 2.91366], [101.36685, 2.90607], [101.37327, 2.90361], [101.37894, 2.90579], [101.3828, 2.91016], [101.38635, 2.91816], [101.38811, 2.93883], [101.3907, 2.94277], [101.40362, 2.95312], [101.40992, 2.97257], [101.41406, 2.97702], [101.41838, 2.97793], [101.42426, 2.97621], [101.4387, 2.96551], [101.43937, 2.96215], [101.43784, 2.95973], [101.42537, 2.95365], [101.42173, 2.94993], [101.42806, 2.94965], [101.46963, 2.95176], [101.47029, 2.94993], [101.52427, 2.94971], [101.54979, 2.9646], [101.55013, 2.95773], [101.56255, 2.96429], [101.56082, 2.97024], [101.57562, 2.97976], [101.5782, 2.97451]]]]}}, {"type": "Feature", "properties": {"dun": "N.52 Banting", "state": "Selangor", "parlimen": "P.112 Kuala Langat", "code_dun": "N.52", "district": "Kuala Langat", "lst_mean": 28.44929313659668, "income_mean": 11876.0, "elderly_pct": 7.446808510638298, "lst_norm": 0.061800169005090715, "income_vuln": 0.6764882742032472, "elderly_norm": 0.7766172087211644, "uhvi": 0.39417645523364825, "green_mean": 0.0, "green_min": 0.0, "green_max": 0.0, "ind_mean": 0.0, "ind_min": 0.0, "ind_max": 0.0, "population": 57800, "elderly_imputed": false, "rank": 50}, "geometry": {"type": "MultiPolygon", "coordinates": [[[[101.48033, 2.8441], [101.48731, 2.8441], [101.48732, 2.83881], [101.49373, 2.84154], [101.50117, 2.84843], [101.5158, 2.85186], [101.5054, 2.85693], [101.48614, 2.85746], [101.48292, 2.85577], [101.48152, 2.85752], [101.48233, 2.86448], [101.4741, 2.86712], [101.48158, 2.87822], [101.48816, 2.88308], [101.48564, 2.88662], [101.48742, 2.8896], [101.50867, 2.90987], [101.5088, 2.88461], [101.51439, 2.8891], [101.5159, 2.88882], [101.5268, 2.87569], [101.51872, 2.86924], [101.51319, 2.87565], [101.50491, 2.86894], [101.50991, 2.86255], [101.51148, 2.86376], [101.51639, 2.85739], [101.536, 2.87324], [101.5399, 2.86832], [101.53843, 2.86685], [101.55073, 2.86712], [101.55059, 2.86444], [101.55332, 2.86371], [101.55601, 2.86493], [101.55906, 2.86356], [101.56488, 2.86857], [101.57869, 2.85312], [101.56188, 2.83857], [101.55902, 2.83856], [101.56146, 2.83001], [101.57336, 2.83014], [101.57848, 2.82795], [101.57496, 2.82395], [101.5765, 2.82347], [101.57634, 2.8187], [101.57766, 2.81683], [101.58159, 2.81627], [101.58515, 2.81806], [101.58417, 2.81235], [101.58843, 2.80633], [101.58703, 2.79973], [101.54213, 2.80278], [101.54206, 2.79951], [101.53528, 2.79965], [101.53528, 2.79672], [101.51991, 2.79691], [101.5155, 2.80125], [101.51293, 2.80118], [101.513, 2.79605], [101.5067, 2.79819], [101.50699, 2.80004], [101.50561, 2.80051], [101.5049, 2.79894], [101.50207, 2.7999], [101.5005, 2.80596], [101.49844, 2.80535], [101.49787, 2.80288], [101.49447, 2.8041], [101.49787, 2.81216], [101.49258, 2.81093], [101.48555, 2.8137], [101.48629, 2.81093], [101.4841, 2.806], [101.49011, 2.80342], [101.48945, 2.80181], [101.47577, 2.80758], [101.4751, 2.80598], [101.47275, 2.80692], [101.47262, 2.8194], [101.48034, 2.81641], [101.48033, 2.8441]]]]}}, {"type": "Feature", "properties": {"dun": "N.55 Dengkil", "state": "Selangor", "parlimen": "P.113 Sepang", "code_dun": "N.55", "district": "Sepang", "lst_mean": 34.24983215332031, "income_mean": 16808.0, "elderly_pct": 7.562785388127854, "lst_norm": 0.39514787375217375, "income_vuln": 0.3469633193024654, "elderly_norm": 0.7933672690340727, "uhvi": 0.4826565839602214, "green_mean": -0.11580823361873627, "green_min": -7.528652191162109, "green_max": 0.8143672943115234, "ind_mean": 0.0, "ind_min": 0.0, "ind_max": 0.0, "population": 301000, "elderly_imputed": false, "rank": 44}, "geometry": {"type": "MultiPolygon", "coordinates": [[[[101.72313, 3.00854], [101.72652, 3.00315], [101.73531, 2.99537], [101.74162, 2.98404], [101.74349, 2.9674], [101.75113, 2.95319], [101.75273, 2.94136], [101.75665, 2.93003], [101.75694, 2.91588], [101.76655, 2.90422], [101.76602, 2.89937], [101.76844, 2.88682], [101.78495, 2.87675], [101.78967, 2.86941], [101.75127, 2.87047], [101.73338, 2.86862], [101.73382, 2.87102], [101.73098, 2.87163], [101.73058, 2.86826], [101.73466, 2.86135], [101.73442, 2.85812], [101.73805, 2.85428], [101.7264, 2.85196], [101.71923, 2.84805], [101.71669, 2.81934], [101.7141, 2.81864], [101.71379, 2.81587], [101.71676, 2.81592], [101.71411, 2.81085], [101.71451, 2.80555], [101.69116, 2.80513], [101.68617, 2.81281], [101.68288, 2.81439], [101.63316, 2.75628], [101.63281, 2.7276], [101.59583, 2.72712], [101.59552, 2.76876], [101.5838, 2.7685], [101.58225, 2.79982], [101.58703, 2.79973], [101.58843, 2.80614], [101.58417, 2.81235], [101.58515, 2.81806], [101.58159, 2.81627], [101.57766, 2.81683], [101.5765, 2.82347], [101.57496, 2.82395], [101.57848, 2.82795], [101.57336, 2.83014], [101.56148, 2.82995], [101.55902, 2.83856], [101.56188, 2.83857], [101.57869, 2.85312], [101.57968, 2.85818], [101.59025, 2.85776], [101.59025, 2.85344], [101.63025, 2.85356], [101.63454, 2.8447], [101.64297, 2.85011], [101.57707, 2.97685], [101.58429, 2.97997], [101.68132, 2.98084], [101.71425, 2.98387], [101.71358, 2.9864], [101.71841, 2.98923], [101.71924, 2.99281], [101.71845, 3.00734], [101.71725, 3.0074], [101.72115, 3.01191], [101.72313, 3.00854]], [[101.69379, 2.97372], [101.69335, 2.97234], [101.68874, 2.97186], [101.68496, 2.96902], [101.68285, 2.97187], [101.67339, 2.97157], [101.66779, 2.96912], [101.66294, 2.96393], [101.66435, 2.95805], [101.67216, 2.95323], [101.67492, 2.94973], [101.674, 2.94634], [101.6649, 2.94468], [101.66728, 2.94145], [101.67049, 2.94141], [101.66912, 2.93111], [101.66751, 2.93104], [101.67248, 2.92291], [101.67221, 2.91741], [101.6719, 2.91562], [101.66925, 2.91507], [101.66949, 2.91036], [101.66398, 2.90859], [101.66316, 2.90429], [101.65943, 2.89932], [101.66373, 2.88866], [101.66272, 2.88563], [101.66597, 2.8794], [101.67125, 2.88344], [101.67464, 2.87602], [101.67545, 2.88101], [101.67848, 2.87907], [101.68072, 2.88003], [101.68064, 2.88159], [101.6848, 2.88173], [101.68523, 2.88473], [101.68699, 2.8846], [101.68836, 2.89168], [101.69754, 2.89399], [101.69752, 2.89836], [101.70112, 2.89956], [101.70166, 2.90527], [101.69747, 2.90638], [101.69745, 2.9095], [101.70073, 2.90933], [101.70068, 2.91311], [101.70732, 2.91301], [101.70763, 2.92931], [101.73276, 2.92923], [101.73266, 2.95329], [101.73122, 2.9552], [101.71537, 2.9553], [101.71538, 2.9641], [101.71138, 2.96163], [101.70884, 2.96198], [101.70884, 2.96354], [101.70341, 2.96349], [101.70339, 2.96705], [101.6998, 2.96847], [101.70012, 2.97189], [101.70317, 2.97538], [101.69748, 2.97664], [101.69379, 2.97372]]]]}}, {"type": "Feature", "properties": {"dun": "P.114 Kepong", "state": "W.P. Kuala Lumpur", "parlimen": "P.114 Kepong", "code_dun": "P.114", "district": "W.P. Kuala Lumpur", "lst_mean": 44.774783450977225, "income_mean": 14723.0, "elderly_pct": 7.121161, "lst_norm": 1.0, "income_vuln": 0.4862697935458008, "elderly_norm": 0.7295852868242229, "uhvi": 0.8039637700925059, "green_mean": 0.0, "green_min": 0.0, "green_max": 0.0, "ind_mean": 0.0, "ind_min": 0.0, "ind_max": 0.0, "population": 110800, "elderly_imputed": false, "rank": 1}, "geometry": {"type": "MultiPolygon", "coordinates": [[[[101.64549, 3.22979], [101.64522, 3.22858], [101.65085, 3.22908], [101.65085, 3.22705], [101.65909, 3.22735], [101.65902, 3.22447], [101.66254, 3.22424], [101.66375, 3.20885], [101.66704, 3.20569], [101.66586, 3.2021], [101.66498, 3.20267], [101.66281, 3.19952], [101.66501, 3.19419], [101.66163, 3.19226], [101.6584, 3.19965], [101.65219, 3.19961], [101.65206, 3.19588], [101.65096, 3.19372], [101.64922, 3.19448], [101.64752, 3.1888], [101.64416, 3.19028], [101.64298, 3.18782], [101.64106, 3.18891], [101.64103, 3.1986], [101.63255, 3.20741], [101.6293, 3.20875], [101.63329, 3.21321], [101.63394, 3.21733], [101.63638, 3.21604], [101.6392, 3.22166], [101.6365, 3.22863], [101.64029, 3.23174], [101.6461, 3.2326], [101.64549, 3.22979]]]]}}, {"type": "Feature", "properties": {"dun": "P.115 Batu", "state": "W.P. Kuala Lumpur", "parlimen": "P.115 Batu", "code_dun": "P.115", "district": "W.P. Kuala Lumpur", "lst_mean": 37.78707927848332, "income_mean": 11445.0, "elderly_pct": 7.121161, "lst_norm": 0.5984278115125659, "income_vuln": 0.7052849602458743, "elderly_norm": 0.7295852868242229, "uhvi": 0.6579314675238072, "green_mean": 0.0, "green_min": 0.0, "green_max": 0.0, "ind_mean": 0.0, "ind_min": 0.0, "ind_max": 0.0, "population": 228600, "elderly_imputed": false, "rank": 19}, "geometry": {"type": "MultiPolygon", "coordinates": [[[[101.66633, 3.24345], [101.67318, 3.23272], [101.67214, 3.22801], [101.69693, 3.22829], [101.69343, 3.2184], [101.69303, 3.20883], [101.69602, 3.20298], [101.69062, 3.19773], [101.69834, 3.19908], [101.69964, 3.19139], [101.70524, 3.19231], [101.70585, 3.18965], [101.7025, 3.18697], [101.70206, 3.18343], [101.70006, 3.18442], [101.69822, 3.1774], [101.69447, 3.17638], [101.69448, 3.17018], [101.68084, 3.18167], [101.68179, 3.18679], [101.67788, 3.19737], [101.67392, 3.19968], [101.67271, 3.19867], [101.67124, 3.20079], [101.66813, 3.19752], [101.66451, 3.20051], [101.66704, 3.20569], [101.66375, 3.20885], [101.66254, 3.22424], [101.65902, 3.22447], [101.65909, 3.22735], [101.65085, 3.22705], [101.65085, 3.22908], [101.64522, 3.22858], [101.64657, 3.23492], [101.65373, 3.23512], [101.65379, 3.23698], [101.65703, 3.23678], [101.65767, 3.2409], [101.66055, 3.24155], [101.66071, 3.24358], [101.66633, 3.24345]]]]}}, {"type": "Feature", "properties": {"dun": "P.116 Wangsa Maju", "state": "W.P. Kuala Lumpur", "parlimen": "P.116 Wangsa Maju", "code_dun": "P.116", "district": "W.P. Kuala Lumpur", "lst_mean": 34.05154257377808, "income_mean": 12276.0, "elderly_pct": 7.121161, "lst_norm": 0.3837524885948469, "income_vuln": 0.6497628115186744, "elderly_norm": 0.7295852868242229, "uhvi": 0.5367132688831477, "green_mean": 0.0, "green_min": 0.0, "green_max": 0.0, "ind_mean": 0.0, "ind_min": 0.0, "ind_max": 0.0, "population": 224900, "elderly_imputed": false, "rank": 34}, "geometry": {"type": "MultiPolygon", "coordinates": [[[[101.741, 3.23237], [101.74395, 3.22797], [101.73954, 3.22241], [101.73838, 3.21587], [101.74082, 3.21508], [101.74589, 3.20933], [101.74836, 3.20014], [101.74595, 3.20006], [101.74427, 3.20188], [101.74082, 3.19862], [101.73714, 3.19786], [101.73546, 3.20217], [101.72571, 3.1983], [101.72182, 3.20344], [101.70579, 3.18969], [101.70524, 3.19231], [101.69964, 3.19139], [101.69834, 3.19908], [101.69062, 3.19773], [101.69602, 3.20298], [101.69303, 3.20883], [101.69327, 3.21499], [101.69407, 3.22147], [101.69696, 3.22613], [101.69674, 3.22342], [101.70169, 3.22336], [101.70248, 3.21642], [101.70849, 3.21507], [101.7099, 3.21636], [101.71478, 3.21284], [101.71728, 3.21528], [101.71483, 3.2145], [101.71559, 3.21809], [101.71828, 3.21816], [101.71826, 3.22128], [101.72376, 3.22713], [101.72379, 3.22921], [101.72481, 3.22818], [101.7301, 3.23347], [101.73177, 3.23179], [101.73929, 3.23196], [101.73861, 3.23367], [101.741, 3.23237]]]]}}, {"type": "Feature", "properties": {"dun": "P.117 Segambut", "state": "W.P. Kuala Lumpur", "parlimen": "P.117 Segambut", "code_dun": "P.117", "district": "W.P. Kuala Lumpur", "lst_mean": 38.33582973596426, "income_mean": 22001.0, "elderly_pct": 7.121161, "lst_norm": 0.6299636230902124, "income_vuln": 0.0, "elderly_norm": 0.7295852868242229, "uhvi": 0.49737813325116187, "green_mean": 0.0, "green_min": 0.0, "green_max": 0.0, "ind_mean": 0.0, "ind_min": 0.0, "ind_max": 0.0, "population": 264600, "elderly_imputed": false, "rank": 40}, "geometry": {"type": "MultiPolygon", "coordinates": [[[[101.64048, 3.19917], [101.64106, 3.18891], [101.64298, 3.18782], [101.64416, 3.19028], [101.64752, 3.1888], [101.64922, 3.19448], [101.65096, 3.19372], [101.65206, 3.19588], [101.65219, 3.19961], [101.6584, 3.19965], [101.66163, 3.19226], [101.66501, 3.19419], [101.66281, 3.19952], [101.66451, 3.20051], [101.66617, 3.19811], [101.66921, 3.19737], [101.67124, 3.20079], [101.67271, 3.19867], [101.67392, 3.19968], [101.67788, 3.19737], [101.68034, 3.19155], [101.68179, 3.18679], [101.68084, 3.18167], [101.69445, 3.1702], [101.69248, 3.16304], [101.69428, 3.15651], [101.69297, 3.15103], [101.68365, 3.14786], [101.68087, 3.14861], [101.67848, 3.14518], [101.67883, 3.14281], [101.67607, 3.14358], [101.67459, 3.14603], [101.67337, 3.14454], [101.67041, 3.14479], [101.67007, 3.14653], [101.66736, 3.14776], [101.66094, 3.14287], [101.65708, 3.13665], [101.65256, 3.13438], [101.64577, 3.12759], [101.63613, 3.13238], [101.62946, 3.13051], [101.62958, 3.13694], [101.62652, 3.14146], [101.61928, 3.1452], [101.61507, 3.15284], [101.61686, 3.16989], [101.61892, 3.17306], [101.61968, 3.17883], [101.61903, 3.19719], [101.62441, 3.1989], [101.62943, 3.20865], [101.63255, 3.20741], [101.64048, 3.19917]]]]}}, {"type": "Feature", "properties": {"dun": "P.118 Setiawangsa", "state": "W.P. Kuala Lumpur", "parlimen": "P.118 Setiawangsa", "code_dun": "P.118", "district": "W.P. Kuala Lumpur", "lst_mean": 31.867652263528534, "income_mean": 18478.0, "elderly_pct": 7.121161, "lst_norm": 0.2582478035574415, "income_vuln": 0.23538451259437432, "elderly_norm": 0.7295852868242229, "uhvi": 0.37036635163337006, "green_mean": 0.0, "green_min": 0.0, "green_max": 0.0, "ind_mean": 0.0, "ind_min": 0.0, "ind_max": 0.0, "population": 153400, "elderly_imputed": false, "rank": 53}, "geometry": {"type": "MultiPolygon", "coordinates": [[[[101.72506, 3.19911], [101.73137, 3.19971], [101.73546, 3.20217], [101.73714, 3.19786], [101.74082, 3.19862], [101.74427, 3.20188], [101.74595, 3.20006], [101.74836, 3.20014], [101.74825, 3.20285], [101.75056, 3.2025], [101.75093, 3.2003], [101.75373, 3.20038], [101.75646, 3.19698], [101.75873, 3.18808], [101.75767, 3.18544], [101.75606, 3.18563], [101.75588, 3.18102], [101.74962, 3.17541], [101.73343, 3.17806], [101.73372, 3.1761], [101.73112, 3.17266], [101.72726, 3.17156], [101.72031, 3.17556], [101.71338, 3.16761], [101.70696, 3.17238], [101.69968, 3.174], [101.70006, 3.18442], [101.70206, 3.18343], [101.7026, 3.18709], [101.72182, 3.20344], [101.72506, 3.19911]]]]}}, {"type": "Feature", "properties": {"dun": "P.119 Titiwangsa", "state": "W.P. Kuala Lumpur", "parlimen": "P.119 Titiwangsa", "code_dun": "P.119", "district": "W.P. Kuala Lumpur", "lst_mean": 32.53734586858282, "income_mean": 12572.0, "elderly_pct": 7.121161, "lst_norm": 0.2967340244905334, "income_vuln": 0.6299859691320906, "elderly_norm": 0.7295852868242229, "uhvi": 0.48825982623434505, "green_mean": 0.0, "green_min": 0.0, "green_max": 0.0, "ind_mean": 0.0, "ind_min": 0.0, "ind_max": 0.0, "population": 127400, "elderly_imputed": false, "rank": 42}, "geometry": {"type": "MultiPolygon", "coordinates": [[[[101.71312, 3.16783], [101.71498, 3.16798], [101.72153, 3.17549], [101.72726, 3.17156], [101.73175, 3.17272], [101.73489, 3.17181], [101.73491, 3.16438], [101.73933, 3.16464], [101.73944, 3.16221], [101.74827, 3.16207], [101.75048, 3.1604], [101.74855, 3.15826], [101.75022, 3.1573], [101.74706, 3.15358], [101.74671, 3.14934], [101.74059, 3.15071], [101.74146, 3.14829], [101.7388, 3.14447], [101.74022, 3.14349], [101.73493, 3.1356], [101.73816, 3.12999], [101.7297, 3.12529], [101.72779, 3.12987], [101.7251, 3.13062], [101.7245, 3.12847], [101.72161, 3.13143], [101.71961, 3.13209], [101.71863, 3.13002], [101.71751, 3.13095], [101.72294, 3.14873], [101.72001, 3.16016], [101.70989, 3.15932], [101.70062, 3.15566], [101.70227, 3.16074], [101.69804, 3.16375], [101.69832, 3.16676], [101.69448, 3.17018], [101.69447, 3.17638], [101.70068, 3.17952], [101.69968, 3.174], [101.70696, 3.17238], [101.71312, 3.16783]]]]}}, {"type": "Feature", "properties": {"dun": "P.120 Bukit Bintang", "state": "W.P. Kuala Lumpur", "parlimen": "P.120 Bukit Bintang", "code_dun": "P.120", "district": "W.P. Kuala Lumpur", "lst_mean": 31.897164339637424, "income_mean": 15318.0, "elderly_pct": 7.121161, "lst_norm": 0.25994381539442013, "income_vuln": 0.44651566780249885, "elderly_norm": 0.7295852868242229, "uhvi": 0.4239971463538904, "green_mean": 0.0, "green_min": 0.0, "green_max": 0.0, "ind_mean": 0.0, "ind_min": 0.0, "ind_max": 0.0, "population": 125700, "elderly_imputed": false, "rank": 48}, "geometry": {"type": "MultiPolygon", "coordinates": [[[[101.69445, 3.1702], [101.69832, 3.16676], [101.69804, 3.16375], [101.70227, 3.16074], [101.70062, 3.15566], [101.70989, 3.15932], [101.72001, 3.16016], [101.72279, 3.15283], [101.72057, 3.14146], [101.71864, 3.14204], [101.71411, 3.13859], [101.71315, 3.13428], [101.71128, 3.13661], [101.70685, 3.13664], [101.70471, 3.13846], [101.70176, 3.13275], [101.70181, 3.12857], [101.69845, 3.12591], [101.70484, 3.1205], [101.70851, 3.11973], [101.70825, 3.11721], [101.71298, 3.11372], [101.71549, 3.11448], [101.70711, 3.10383], [101.70586, 3.09953], [101.70595, 3.09758], [101.70958, 3.0944], [101.71067, 3.08694], [101.71444, 3.08505], [101.7151, 3.0815], [101.70609, 3.08244], [101.70305, 3.07871], [101.69397, 3.08689], [101.69675, 3.08813], [101.69507, 3.09634], [101.6984, 3.10369], [101.68944, 3.11092], [101.67883, 3.11466], [101.67857, 3.12681], [101.68563, 3.13664], [101.69197, 3.13806], [101.6932, 3.14057], [101.69227, 3.1481], [101.69428, 3.15651], [101.69227, 3.16029], [101.69445, 3.1702]]]]}}, {"type": "Feature", "properties": {"dun": "P.121 Lembah Pantai", "state": "W.P. Kuala Lumpur", "parlimen": "P.121 Lembah Pantai", "code_dun": "P.121", "district": "W.P. Kuala Lumpur", "lst_mean": 31.728769345251475, "income_mean": 12817.0, "elderly_pct": 7.121161, "lst_norm": 0.25026642425755974, "income_vuln": 0.6136166232377898, "elderly_norm": 0.7295852868242229, "uhvi": 0.46093368964428294, "green_mean": 0.0, "green_min": 0.0, "green_max": 0.0, "ind_mean": 0.0, "ind_min": 0.0, "ind_max": 0.0, "population": 154500, "elderly_imputed": false, "rank": 46}, "geometry": {"type": "MultiPolygon", "coordinates": [[[[101.69295, 3.15096], [101.69256, 3.13859], [101.68563, 3.13664], [101.67788, 3.12539], [101.67927, 3.11656], [101.67895, 3.11478], [101.67521, 3.11502], [101.67631, 3.10863], [101.67562, 3.1017], [101.67238, 3.09421], [101.67468, 3.09226], [101.67317, 3.08553], [101.66742, 3.08172], [101.6642, 3.0823], [101.66289, 3.07846], [101.65633, 3.07472], [101.65203, 3.06985], [101.64622, 3.07078], [101.65431, 3.07758], [101.65965, 3.07968], [101.65895, 3.08161], [101.6606, 3.08226], [101.65933, 3.08452], [101.6636, 3.08622], [101.66027, 3.0921], [101.65881, 3.09211], [101.66032, 3.09976], [101.65882, 3.10908], [101.65749, 3.10942], [101.65903, 3.11281], [101.65223, 3.11016], [101.64916, 3.11741], [101.64351, 3.11871], [101.64803, 3.12578], [101.64577, 3.12759], [101.65256, 3.13438], [101.65708, 3.13665], [101.66094, 3.14287], [101.66736, 3.14776], [101.67007, 3.14653], [101.67041, 3.14479], [101.67337, 3.14454], [101.67459, 3.14603], [101.67607, 3.14358], [101.67883, 3.14281], [101.67848, 3.14518], [101.68087, 3.14861], [101.68365, 3.14786], [101.69295, 3.15096]]]]}}, {"type": "Feature", "properties": {"dun": "P.122 Seputeh", "state": "W.P. Kuala Lumpur", "parlimen": "P.122 Seputeh", "code_dun": "P.122", "district": "W.P. Kuala Lumpur", "lst_mean": 35.038150838570616, "income_mean": 12001.0, "elderly_pct": 7.121161, "lst_norm": 0.4404512884141196, "income_vuln": 0.6681365671143182, "elderly_norm": 0.7295852868242229, "uhvi": 0.5696561076916951, "green_mean": -8.16001235599488e-07, "green_min": -0.003032684326171875, "green_max": 3.814697265625e-06, "ind_mean": 0.0, "ind_min": 0.0, "ind_max": 0.0, "population": 336400, "elderly_imputed": false, "rank": 28}, "geometry": {"type": "MultiPolygon", "coordinates": [[[[101.67626, 3.11507], [101.68944, 3.11092], [101.6984, 3.10369], [101.69507, 3.09634], [101.69675, 3.08813], [101.69397, 3.08689], [101.70417, 3.07811], [101.70362, 3.07362], [101.7079, 3.06282], [101.70641, 3.04897], [101.69859, 3.0483], [101.69896, 3.045], [101.69272, 3.04512], [101.69087, 3.04315], [101.68676, 3.04526], [101.67875, 3.04143], [101.6684, 3.04042], [101.66861, 3.04526], [101.65114, 3.0459], [101.65338, 3.05093], [101.65924, 3.04937], [101.65933, 3.05879], [101.65304, 3.05736], [101.65212, 3.05897], [101.64804, 3.05707], [101.64938, 3.06174], [101.64873, 3.06288], [101.64707, 3.06204], [101.65183, 3.06701], [101.6509, 3.06939], [101.66289, 3.07846], [101.6642, 3.0823], [101.66742, 3.08172], [101.67317, 3.08553], [101.67468, 3.09226], [101.67238, 3.09421], [101.67562, 3.1017], [101.67521, 3.11502], [101.67626, 3.11507]]]]}}, {"type": "Feature", "properties": {"dun": "P.123 Cheras", "state": "W.P. Kuala Lumpur", "parlimen": "P.123 Cheras", "code_dun": "P.123", "district": "W.P. Kuala Lumpur", "lst_mean": 32.238733853479786, "income_mean": 12119.0, "elderly_pct": 7.121161, "lst_norm": 0.27957326933355453, "income_vuln": 0.6602525556223693, "elderly_norm": 0.7295852868242229, "uhvi": 0.4872460952784252, "green_mean": 0.0, "green_min": 0.0, "green_max": 0.0, "ind_mean": 0.0, "ind_min": 0.0, "ind_max": 0.0, "population": 141700, "elderly_imputed": false, "rank": 43}, "geometry": {"type": "MultiPolygon", "coordinates": [[[[101.71981, 3.13899], [101.71751, 3.13095], [101.71863, 3.13002], [101.71961, 3.13209], [101.72161, 3.13143], [101.7245, 3.12847], [101.7251, 3.13062], [101.72779, 3.12987], [101.7297, 3.12529], [101.73816, 3.12999], [101.74085, 3.12403], [101.73929, 3.11865], [101.73739, 3.11754], [101.73799, 3.11351], [101.74111, 3.10983], [101.74381, 3.10961], [101.74447, 3.11147], [101.74571, 3.11011], [101.74764, 3.11098], [101.74675, 3.10984], [101.75167, 3.10743], [101.75353, 3.10435], [101.75055, 3.10131], [101.75245, 3.09714], [101.75117, 3.09234], [101.74511, 3.08618], [101.74593, 3.07895], [101.7298, 3.07735], [101.72944, 3.08843], [101.72168, 3.08769], [101.72249, 3.09022], [101.72511, 3.09087], [101.72587, 3.09717], [101.72941, 3.09678], [101.72638, 3.10285], [101.72824, 3.10394], [101.72925, 3.102], [101.73122, 3.10331], [101.72836, 3.11315], [101.72849, 3.12182], [101.72255, 3.11915], [101.71609, 3.12278], [101.7162, 3.11542], [101.71298, 3.11372], [101.70825, 3.11721], [101.70851, 3.11973], [101.70484, 3.1205], [101.69845, 3.12591], [101.70181, 3.12857], [101.70176, 3.13275], [101.70471, 3.13846], [101.70685, 3.13664], [101.71128, 3.13661], [101.71315, 3.13428], [101.71429, 3.13491], [101.71286, 3.13729], [101.71864, 3.14204], [101.72057, 3.14146], [101.71981, 3.13899]]]]}}, {"type": "Feature", "properties": {"dun": "P.124 Bandar Tun Razak", "state": "W.P. Kuala Lumpur", "parlimen": "P.124 Bandar Tun Razak", "code_dun": "P.124", "district": "W.P. Kuala Lumpur", "lst_mean": 30.310707843956067, "income_mean": 10565.0, "elderly_pct": 7.121161, "lst_norm": 0.16877269664290948, "income_vuln": 0.7640809781519342, "elderly_norm": 0.7295852868242229, "uhvi": 0.45780291456549393, "green_mean": 0.0, "green_min": 0.0, "green_max": 0.0, "ind_mean": 0.0, "ind_min": 0.0, "ind_max": 0.0, "population": 199600, "elderly_imputed": false, "rank": 47}, "geometry": {"type": "MultiPolygon", "coordinates": [[[[101.72007, 3.1203], [101.72287, 3.11917], [101.72849, 3.12182], [101.72836, 3.11315], [101.73148, 3.1058], [101.73037, 3.10521], [101.73122, 3.10331], [101.72925, 3.102], [101.72824, 3.10394], [101.72638, 3.10285], [101.72941, 3.09678], [101.72587, 3.09717], [101.72511, 3.09087], [101.72249, 3.09022], [101.72168, 3.08769], [101.72944, 3.08843], [101.7298, 3.07735], [101.74593, 3.07895], [101.74592, 3.08093], [101.74992, 3.07275], [101.74949, 3.05494], [101.73042, 3.05487], [101.73054, 3.03513], [101.72875, 3.03749], [101.72339, 3.03331], [101.72218, 3.03335], [101.72211, 3.03614], [101.72402, 3.03616], [101.72411, 3.0387], [101.72308, 3.0407], [101.72108, 3.04016], [101.71952, 3.04709], [101.71592, 3.04638], [101.71495, 3.05328], [101.71073, 3.05351], [101.70805, 3.04588], [101.70642, 3.04574], [101.70789, 3.06292], [101.70362, 3.07362], [101.70453, 3.07733], [101.70305, 3.07871], [101.70609, 3.08244], [101.7151, 3.0815], [101.71444, 3.08505], [101.71067, 3.08694], [101.70958, 3.0944], [101.70595, 3.09758], [101.7059, 3.09996], [101.70711, 3.10383], [101.7162, 3.11542], [101.71609, 3.12278], [101.72007, 3.1203]]]]}}, {"type": "Feature", "properties": {"dun": "P.125 Putrajaya", "state": "W.P. Putrajaya", "parlimen": "P.125 Putrajaya", "code_dun": "P.125", "district": "W.P. Putrajaya", "lst_mean": 33.50395415726746, "income_mean": 13846.0, "elderly_pct": 2.069536, "lst_norm": 0.3522834576541656, "income_vuln": 0.5448653704817265, "elderly_norm": 0.0, "uhvi": 0.3123580714475144, "green_mean": -0.03382058708812213, "green_min": -2.522808074951172, "green_max": 0.8143672943115234, "ind_mean": 0.0, "ind_min": 0.0, "ind_max": 0.0, "population": 120300, "elderly_imputed": false, "rank": 55}, "geometry": {"type": "MultiPolygon", "coordinates": [[[[101.70554, 2.97723], [101.69982, 2.97181], [101.69958, 2.96836], [101.70318, 2.96695], [101.70321, 2.9634], [101.70863, 2.96346], [101.70865, 2.96189], [101.71118, 2.96155], [101.71517, 2.96403], [101.7152, 2.95525], [101.73094, 2.9552], [101.73243, 2.9532], [101.73266, 2.92915], [101.70753, 2.92923], [101.70722, 2.91292], [101.70042, 2.913], [101.70036, 2.90936], [101.69738, 2.9093], [101.69741, 2.90627], [101.70145, 2.90527], [101.70171, 2.90118], [101.69749, 2.89845], [101.69751, 2.89391], [101.68983, 2.89293], [101.6848, 2.88159], [101.68064, 2.88144], [101.68073, 2.87988], [101.67849, 2.87891], [101.67535, 2.88092], [101.67454, 2.87594], [101.67123, 2.88321], [101.66584, 2.87906], [101.6627, 2.88522], [101.66373, 2.88885], [101.66203, 2.89038], [101.65976, 2.89913], [101.66311, 2.9041], [101.66375, 2.90848], [101.66928, 2.91], [101.66917, 2.9149], [101.67182, 2.91544], [101.67212, 2.91723], [101.67239, 2.92273], [101.6674, 2.93105], [101.66856, 2.93885], [101.66485, 2.94392], [101.67351, 2.94597], [101.67475, 2.94956], [101.66928, 2.95518], [101.66416, 2.95785], [101.66267, 2.96433], [101.66769, 2.96903], [101.67329, 2.97149], [101.68466, 2.97057], [101.68963, 2.9722], [101.70461, 2.9788], [101.7079, 2.98313], [101.70806, 2.98038], [101.70554, 2.97723]]]]}}]}